-- --------------------------------------------------------
-- Host:                         127.0.0.1
-- Server version:               11.0.2-MariaDB - mariadb.org binary distribution
-- Server OS:                    Win64
-- HeidiSQL Version:             12.5.0.6677
-- --------------------------------------------------------

/*!40101 SET @OLD_CHARACTER_SET_CLIENT=@@CHARACTER_SET_CLIENT */;
/*!40101 SET NAMES utf8 */;
/*!50503 SET NAMES utf8mb4 */;
/*!40103 SET @OLD_TIME_ZONE=@@TIME_ZONE */;
/*!40103 SET TIME_ZONE='+00:00' */;
/*!40014 SET @OLD_FOREIGN_KEY_CHECKS=@@FOREIGN_KEY_CHECKS, FOREIGN_KEY_CHECKS=0 */;
/*!40101 SET @OLD_SQL_MODE=@@SQL_MODE, SQL_MODE='NO_AUTO_VALUE_ON_ZERO' */;
/*!40111 SET @OLD_SQL_NOTES=@@SQL_NOTES, SQL_NOTES=0 */;


-- Dumping database structure for cg_anjor_vision
CREATE DATABASE IF NOT EXISTS `cg_anjor_vision` /*!40100 DEFAULT CHARACTER SET utf8mb4 COLLATE utf8mb4_unicode_ci */;
USE `cg_anjor_vision`;

-- Dumping structure for table cg_anjor_vision.departments_master
CREATE TABLE IF NOT EXISTS `departments_master` (
  `dept_id` int(11) NOT NULL AUTO_INCREMENT,
  `dept_name` varchar(255) NOT NULL,
  `dept_name_unicode` varchar(255) DEFAULT NULL,
  `description` text DEFAULT NULL,
  `short_term_initiatives` int(11) DEFAULT 0,
  `mid_term_initiatives` int(11) DEFAULT 0,
  `long_term_initiatives` int(11) DEFAULT 0,
  `total_initiatives` int(11) DEFAULT 0,
  `created_at` timestamp NULL DEFAULT current_timestamp(),
  PRIMARY KEY (`dept_id`)
) ENGINE=InnoDB AUTO_INCREMENT=24 DEFAULT CHARSET=utf8mb4 COLLATE=utf8mb4_general_ci;

-- Dumping data for table cg_anjor_vision.departments_master: ~23 rows (approximately)
INSERT INTO `departments_master` (`dept_id`, `dept_name`, `dept_name_unicode`, `description`, `short_term_initiatives`, `mid_term_initiatives`, `long_term_initiatives`, `total_initiatives`, `created_at`) VALUES
	(1, 'Agriculture', 'कृषि विभाग', 'Agriculture', 16, 9, 5, 30, '2025-11-13 07:15:04'),
	(2, 'Art & Culture', 'कला एवं संस्कृति विभाग', 'Art & Culture', 4, 3, 3, 10, '2025-11-13 07:15:04'),
	(3, 'Commerce & Industry', 'वाणिज्य एवं उद्योग विभाग', 'Commerce & Industry', 26, 19, 9, 54, '2025-11-13 07:15:04'),
	(4, 'PWD', 'लोक निर्माण विभाग', 'PWD', 0, 1, 3, 4, '2025-11-13 07:15:04'),
	(5, 'Aviation', 'नागरिक उड्डयन विभाग', 'Aviation', 0, 1, 0, 1, '2025-11-13 07:15:04'),
	(6, 'Electronics & IT', 'इलेक्ट्रॉनिक्स एवं सूचना प्रौद्योगिकी विभाग', 'Electronics & IT', 10, 3, 1, 14, '2025-11-13 07:15:04'),
	(7, 'Energy', 'ऊर्जा विभाग', 'Energy', 6, 1, 0, 7, '2025-11-13 07:15:04'),
	(8, 'Forest', 'वन विभाग', 'Forest', 11, 5, 1, 17, '2025-11-13 07:15:04'),
	(9, 'Good Governance', 'सुशासन विभाग', 'Good Governance', 6, 3, 0, 9, '2025-11-13 07:15:04'),
	(10, 'Health and Family Welfare', 'स्वास्थ्य एवं परिवार कल्याण विभाग', 'Health and Family Welfare', 24, 9, 4, 37, '2025-11-13 07:15:04'),
	(11, 'Higher Education', 'उच्च शिक्षा विभाग', 'Higher Education', 1, 3, 0, 4, '2025-11-13 07:15:04'),
	(12, 'Housing & Environment', 'गृह निर्माण एवं पर्यावरण विभाग', 'Housing & Environment', 7, 6, 5, 18, '2025-11-13 07:15:04'),
	(13, 'Mining', 'खनन विभाग', 'Mining', 1, 0, 0, 1, '2025-11-13 07:15:04'),
	(14, 'Panchayat & Rural Development', 'पंचायत एवं ग्रामीण विकास विभाग', 'Panchayat & Rural Development', 1, 0, 0, 1, '2025-11-13 07:15:04'),
	(15, 'Public Relations Dept', 'लोक संबंध विभाग', 'Public Relations Dept', 1, 0, 0, 1, '2025-11-13 07:15:04'),
	(16, 'Rural Industries', 'ग्रामोद्योग विभाग', 'Rural Industries', 0, 1, 0, 1, '2025-11-13 07:15:04'),
	(17, 'School Education', 'स्कूल शिक्षा विभाग', 'School Education', 5, 3, 0, 8, '2025-11-13 07:15:04'),
	(18, 'Technical Education and Skill Development', 'तकनीकी शिक्षा एवं कौशल विकास विभाग', 'Technical Education and Skill Development', 7, 2, 1, 10, '2025-11-13 07:15:04'),
	(19, 'Tourism', 'पर्यटन विभाग', 'Tourism', 14, 4, 1, 19, '2025-11-13 07:15:04'),
	(20, 'Transport', 'परिवहन विभाग', 'Transport', 1, 0, 0, 1, '2025-11-13 07:15:04'),
	(21, 'Urban Administration', 'नगरीय प्रशासन विभाग', 'Urban Administration', 1, 2, 0, 3, '2025-11-13 07:15:04'),
	(22, 'Urban Administration & Panchayat & Rural Development', 'नगरीय प्रशासन एवं पंचायत एवं ग्रामीण विकास विभाग', 'Urban Administration & Panchayat & Rural Development', 3, 0, 0, 3, '2025-11-13 07:15:04'),
	(23, 'Water Resource', 'जल संसाधन विभाग', 'Water Resource', 4, 0, 0, 4, '2025-11-13 07:15:04');

-- Dumping structure for table cg_anjor_vision.dept_theme_master
CREATE TABLE IF NOT EXISTS `dept_theme_master` (
  `dept_id` int(11) DEFAULT NULL,
  `dept_name` varchar(255) CHARACTER SET utf8mb4 COLLATE utf8mb4_general_ci,
  `theme_id` int(11) DEFAULT NULL,
  `theme_name` varchar(255) CHARACTER SET utf8mb4 COLLATE utf8mb4_general_ci
) ENGINE=InnoDB DEFAULT CHARSET=utf8mb4 COLLATE=utf8mb4_unicode_ci;

-- Dumping data for table cg_anjor_vision.dept_theme_master: ~60 rows (approximately)
INSERT INTO `dept_theme_master` (`dept_id`, `dept_name`, `theme_id`, `theme_name`) VALUES
	(17, 'School Education', 7, 'Land of Innovation, Skilled Human Capital & Quality Education'),
	(11, 'Higher Education', 7, 'Land of Innovation, Skilled Human Capital & Quality Education'),
	(18, 'Technical Education and Skill Development', 7, 'Land of Innovation, Skilled Human Capital & Quality Education'),
	(22, 'Urban Administration & Panchayat & Rural Development', 7, 'Land of Innovation, Skilled Human Capital & Quality Education'),
	(10, 'Health and Family Welfare', 8, 'A Healthy & Prospering Society'),
	(6, 'Electronics & IT', 8, 'A Healthy & Prospering Society'),
	(6, 'Electronics & IT', 12, 'Governance for Lasting Value Creation in Citizens’s'),
	(9, 'Good Governance', 12, 'Governance for Lasting Value Creation in Citizens’s'),
	(3, 'Commerce & Industry', 13, 'Premier Investment Destination'),
	(3, 'Commerce & Industry', 3, 'Titan in Industry'),
	(3, 'Commerce & Industry', 6, 'Expansion into AI & IT services'),
	(6, 'Electronics & IT', 6, 'Expansion into AI & IT services'),
	(12, 'Housing & Environment', 6, 'Expansion into AI & IT services'),
	(3, 'Commerce & Industry', 5, 'Leader in Inland Logistics'),
	(4, 'PWD', 5, 'Leader in Inland Logistics'),
	(20, 'Transport', 5, 'Leader in Inland Logistics'),
	(6, 'Electronics & IT', 5, 'Leader in Inland Logistics'),
	(5, 'Aviation', 5, 'Leader in Inland Logistics'),
	(1, 'Agriculture', 5, 'Leader in Inland Logistics'),
	(12, 'Housing & Environment', 11, 'Infrastructure for Thriving Communities with Enriched Lives'),
	(22, 'Urban Administration & Panchayat & Rural Development', 11, 'Infrastructure for Thriving Communities with Enriched Lives'),
	(21, 'Urban Administration', 11, 'Infrastructure for Thriving Communities with Enriched Lives'),
	(14, 'Panchayat & Rural Development', 11, 'Infrastructure for Thriving Communities with Enriched Lives'),
	(20, 'Transport', 11, 'Infrastructure for Thriving Communities with Enriched Lives'),
	(1, 'Agriculture', 1, 'Powerhouse of Agricultural Produce & Processed Superfoods'),
	(3, 'Commerce & Industry', 1, 'Powerhouse of Agricultural Produce & Processed Superfoods'),
	(23, 'Water Resource', 1, 'Powerhouse of Agricultural Produce & Processed Superfoods'),
	(16, 'Rural Industries', 1, 'Powerhouse of Agricultural Produce & Processed Superfoods'),
	(6, 'Electronics & IT', 1, 'Powerhouse of Agricultural Produce & Processed Superfoods'),
	(19, 'Tourism', 1, 'Powerhouse of Agricultural Produce & Processed Superfoods'),
	(11, 'Higher Education', 1, 'Powerhouse of Agricultural Produce & Processed Superfoods'),
	(7, 'Energy', 9, 'Leader in Sustainable and Renewables led Development'),
	(23, 'Water Resource', 9, 'Leader in Sustainable and Renewables led Development'),
	(1, 'Agriculture', 9, 'Leader in Sustainable and Renewables led Development'),
	(3, 'Commerce & Industry', 9, 'Leader in Sustainable and Renewables led Development'),
	(12, 'Housing & Environment', 9, 'Leader in Sustainable and Renewables led Development'),
	(13, 'Mining', 9, 'Leader in Sustainable and Renewables led Development'),
	(21, 'Urban Administration', 9, 'Leader in Sustainable and Renewables led Development'),
	(6, 'Electronics & IT', 9, 'Leader in Sustainable and Renewables led Development'),
	(8, 'Forest', 9, 'Leader in Sustainable and Renewables led Development'),
	(8, 'Forest', 2, 'Hub for MFP & Herbals'),
	(3, 'Commerce & Industry', 2, 'Hub for MFP & Herbals'),
	(10, 'Health and Family Welfare', 2, 'Hub for MFP & Herbals'),
	(11, 'Higher Education', 2, 'Hub for MFP & Herbals'),
	(17, 'School Education', 2, 'Hub for MFP & Herbals'),
	(18, 'Technical Education and Skill Development', 2, 'Hub for MFP & Herbals'),
	(19, 'Tourism', 2, 'Hub for MFP & Herbals'),
	(6, 'Electronics & IT', 2, 'Hub for MFP & Herbals'),
	(19, 'Tourism', 4, 'Tourism - Celebrating Chhattisgarh’s Natural & Cultural Tapestry'),
	(5, 'Aviation', 4, 'Tourism - Celebrating Chhattisgarh’s Natural & Cultural Tapestry'),
	(3, 'Commerce & Industry', 4, 'Tourism - Celebrating Chhattisgarh’s Natural & Cultural Tapestry'),
	(11, 'Higher Education', 4, 'Tourism - Celebrating Chhattisgarh’s Natural & Cultural Tapestry'),
	(17, 'School Education', 4, 'Tourism - Celebrating Chhattisgarh’s Natural & Cultural Tapestry'),
	(18, 'Technical Education and Skill Development', 4, 'Tourism - Celebrating Chhattisgarh’s Natural & Cultural Tapestry'),
	(6, 'Electronics & IT', 4, 'Tourism - Celebrating Chhattisgarh’s Natural & Cultural Tapestry'),
	(2, 'Art & Culture', 10, 'Art and Culture Capital of India'),
	(15, 'Public Relations Dept', 10, 'Art and Culture Capital of India'),
	(19, 'Tourism', 10, 'Art and Culture Capital of India'),
	(17, 'School Education', 10, 'Art and Culture Capital of India'),
	(11, 'Higher Education', 10, 'Art and Culture Capital of India');

-- Dumping structure for table cg_anjor_vision.initiatives
CREATE TABLE IF NOT EXISTS `initiatives` (
  `initiative_id` int(11) NOT NULL AUTO_INCREMENT,
  `initiative_title` varchar(255) NOT NULL,
  `initiative_title_hindi` varchar(255) DEFAULT NULL,
  `theme_id` int(11) DEFAULT NULL,
  `type_id` int(11) DEFAULT NULL,
  `created_at` timestamp NULL DEFAULT current_timestamp(),
  PRIMARY KEY (`initiative_id`),
  KEY `theme_id` (`theme_id`),
  KEY `type_id` (`type_id`) USING BTREE,
  CONSTRAINT `initiatives_ibfk_1` FOREIGN KEY (`theme_id`) REFERENCES `themes_master` (`theme_id`),
  CONSTRAINT `initiatives_ibfk_3` FOREIGN KEY (`type_id`) REFERENCES `initiatives_type_master` (`type_id`)
) ENGINE=InnoDB AUTO_INCREMENT=258 DEFAULT CHARSET=utf8mb4 COLLATE=utf8mb4_general_ci;

-- Dumping data for table cg_anjor_vision.initiatives: ~257 rows (approximately)
INSERT INTO `initiatives` (`initiative_id`, `initiative_title`, `initiative_title_hindi`, `theme_id`, `type_id`, `created_at`) VALUES
	(1, 'Setup 10 Model International Schools, School Complexes / Clusters (where feasible)', '10 आदर्श अंतर्राष्ट्रीय स्कूल, स्कूल परिसर/क्लस्टर स्थापित करें (जहाँ संभव हो)', 7, 1, '2025-11-13 09:46:37'),
	(2, 'Setup state-level ECCE committee', 'राज्य स्तरीय ईसीसीई समिति की स्थापना', 7, 4, '2025-11-13 09:59:57'),
	(3, 'Setup Science City in Nava Raipur', 'नवा रायपुर में साइंस सिटी की स्थापना करें', 7, 1, '2025-11-13 10:07:46'),
	(4, 'FLN improvement: Launch a Digital App for AI-assisted lesson planning, personalized attention, etc.', 'FLN सुधार: एआई-सहायता प्राप्त पाठ योजना और व्यक्तिगत ध्यान के लिए एक डिजिटल ऐप लॉन्च करें', 7, 2, '2025-11-13 10:07:46'),
	(5, 'Initiate Blended Learning Models from Class VI onwards with mix of vocational and theoretical courses', 'कक्षा 6 से व्यावसायिक और सैद्धांतिक पाठ्यक्रमों के मिश्रण के साथ मिश्रित शिक्षण मॉडल प्रारंभ करें', 7, 3, '2025-11-13 10:07:46'),
	(6, 'Setup 36 Adarsh Institutes (1 in each division, incl. domain-specific institutes like Arts & Craft Uni.)', '36 आदर्श संस्थानों की स्थापना करें (प्रत्येक संभाग में 1, जैसे कला और शिल्प विश्वविद्यालय जैसे विषय-विशिष्ट संस्थान)', 7, 1, '2025-11-13 10:07:46'),
	(7, 'Setup State Higher Education Mission for higher education quality standards', 'उच्च शिक्षा गुणवत्ता मानकों के लिए राज्य उच्च शिक्षा मिशन की स्थापना करें', 7, 4, '2025-11-13 10:07:46'),
	(8, 'Entrepreneurship: Create Startup Policy and Launch State-Level Startup Challenge / Conclave', 'उद्यमिता: स्टार्टअप नीति बनाएं और राज्य स्तरीय स्टार्टअप चैलेंज / कॉन्क्लेव शुरू करें', 7, 3, '2025-11-13 10:07:46'),
	(9, 'Quality: Ensure 100% accreditation from NBA and NAAC for all technical institutes', 'गुणवत्ता: सभी तकनीकी संस्थानों के लिए NBA और NAAC से 100% मान्यता सुनिश्चित करें', 7, 5, '2025-11-13 10:07:46'),
	(10, 'Infrastructure: Setup 11 Chhattisgarh Institutes of Technology (CGITs) (at-par with NITs)', 'बुनियादी ढांचा: 11 छत्तीसगढ़ प्रौद्योगिकी संस्थान (CGITs) स्थापित करें (NITs के समकक्ष)', 7, 1, '2025-11-13 10:07:46'),
	(11, 'Research & Development: Establish Innovation Hubs in all institutes and Industry-sponsored labs', 'अनुसंधान एवं विकास: सभी संस्थानों में नवाचार केंद्र और उद्योग-प्रायोजित प्रयोगशालाओं की स्थापना करें', 7, 1, '2025-11-13 10:07:46'),
	(12, 'Techfests: Have all Technical Institutes organizing national-level techfests with global participants', 'टेकफेस्ट्स: सभी तकनीकी संस्थान राष्ट्रीय स्तर के टेकफेस्ट आयोजित करें जिनमें वैश्विक प्रतिभागी हों', 7, 5, '2025-11-13 10:07:46'),
	(13, 'NEP: Implement all provisions of NEP 2020', 'एनईपी: राष्ट्रीय शिक्षा नीति 2020 के सभी प्रावधान लागू करें', 7, 5, '2025-11-13 10:07:46'),
	(14, 'Setup a Global Skills University', 'एक वैश्विक कौशल विश्वविद्यालय की स्थापना करें', 7, 1, '2025-11-13 10:07:46'),
	(15, 'Setup Knowledge Society of Chhattisgarh for annual skilling review, skilling policy, curriculum refresh', 'वार्षिक कौशल समीक्षा, कौशल नीति और पाठ्यक्रम नवीनीकरण के लिए छत्तीसगढ़ नॉलेज सोसाइटी की स्थापना करें', 7, 4, '2025-11-13 10:07:46'),
	(16, 'Setup Industry-led Rural Skilling Labs (including mobile labs)', 'उद्योग-संचालित ग्रामीण स्किलिंग लैब्स (मोबाइल लैब सहित) की स्थापना करें', 7, 1, '2025-11-13 10:07:46'),
	(17, 'Ensure 100% accreditation from NCVT for all ITIs', 'सभी आईटीआई के लिए NCVT से 100% मान्यता सुनिश्चित करें', 7, 5, '2025-11-13 10:07:46'),
	(18, 'Reimagine governance of higher, technical & skilling bodies (Potential to consider setup of unified Department with separate directorates / verticals)', 'उच्च, तकनीकी और कौशल संस्थानों के शासन को पुनः परिकल्पित करें (अलग निदेशालयों / वर्टिकल्स के साथ एकीकृत विभाग की स्थापना पर विचार करें)', 7, 4, '2025-11-13 10:07:46'),
	(19, 'Implement first-language based curriculum & setup high quality hostels for teachers & students', 'पहली भाषा आधारित पाठ्यक्रम लागू करें और शिक्षकों एवं छात्रों के लिए उच्च गुणवत्ता वाले छात्रावास स्थापित करें', 7, 3, '2025-11-13 10:07:46'),
	(20, 'Establish Nava Raipur as an Education City', 'नवा रायपुर को एक शिक्षा नगर के रूप में विकसित करें', 7, 1, '2025-11-13 10:07:46'),
	(21, 'Setup Aarogya Chhattisgarh as a Population-based Health Management Program', 'आबादी आधारित स्वास्थ्य प्रबंधन कार्यक्रम के रूप में "आरोग्य छत्तीसगढ़" की स्थापना करें', 8, 3, '2025-11-13 10:07:46'),
	(22, 'Setup State-Wide Nutrition Mission', 'राज्यव्यापी पोषण मिशन की स्थापना करें', 8, 3, '2025-11-13 10:07:46'),
	(23, 'Develop Healthcare Workforce Policy for compensating shortages via multiple routes', 'कमी की भरपाई के लिए बहु-आयामी मार्गों से स्वास्थ्यकर्मी नीति विकसित करें', 8, 3, '2025-11-13 10:07:46'),
	(24, 'Setup 5 Medi-Cities (1 in each division)', '5 मेडि-सिटी स्थापित करें (प्रत्येक संभाग में 1)', 8, 1, '2025-11-13 10:07:46'),
	(25, 'Setup 5 state-of-the-art Skill Labs (1 in each division) – integrated with a Learning Management SYSTEM', '5 अत्याधुनिक स्किल लैब्स की स्थापना करें (प्रत्येक संभाग में 1) – जिन्हें लर्निंग मैनेजमेंट सिस्टम से जोड़ा जाए', 8, 1, '2025-11-13 10:07:46'),
	(26, 'Create a Public-facing Quality Ranking System for state medical education institutes', 'राज्य के चिकित्सा शिक्षा संस्थानों के लिए सार्वजनिक गुणवत्ता रैंकिंग प्रणाली बनाएं', 8, 3, '2025-11-13 10:07:46'),
	(27, 'Ensure 100% ABDM-enablement of state healthcare facilities & population', 'राज्य के स्वास्थ्य संस्थानों और जनसंख्या की 100% ABDM-सक्षम बनाना सुनिश्चित करें', 8, 2, '2025-11-13 10:07:46'),
	(28, 'Make digital systems workflow-based with higher value for FLWs', 'डिजिटल प्रणालियों को वर्कफ़्लो आधारित बनाएं जिससे फ्रंटलाइन कार्यकर्ताओं के लिए उच्च उपयोगिता हो', 8, 2, '2025-11-13 10:07:46'),
	(29, 'Strengthen existing systems to handle large-scale digitization of healthcare', 'स्वास्थ्य सेवा के बड़े पैमाने पर डिजिटलीकरण को संभालने के लिए मौजूदा प्रणालियों को मजबूत करें', 8, 5, '2025-11-13 10:07:46'),
	(30, 'Setup Health AI Lab in AIIMS Raipur, in partnership with private sector', 'निजी क्षेत्र की भागीदारी के साथ AIIMS रायपुर में हेल्थ एआई लैब स्थापित करें', 8, 4, '2025-11-13 10:07:46'),
	(31, 'Launch Aajeevani App for mobile & text-based awareness on high-priority topics', '"आजीवनी" मोबाइल ऐप लॉन्च करें ताकि उच्च प्राथमिकता वाले विषयों पर जन-जागरूकता बढ़े', 8, 2, '2025-11-13 10:07:46'),
	(32, 'Conduct district-level surveys for collecting granular data on district-wise indicators', 'जिला-वार सूचकांकों पर सूक्ष्म डेटा एकत्र करने के लिए जिला स्तरीय सर्वेक्षण करें', 8, 3, '2025-11-13 10:07:46'),
	(33, 'Create public-facing digital scorecards for districts, facilities as well as care workers', 'जिलों, स्वास्थ्य केंद्रों और कार्यकर्ताओं के लिए सार्वजनिक डिजिटल स्कोरकार्ड बनाएं', 8, 3, '2025-11-13 10:07:46'),
	(34, 'Setup a Digital Control Tower to provide one-stop view of real-time healthcare metrics', 'रीयल-टाइम स्वास्थ्य संकेतकों के लिए एक डिजिटल कंट्रोल टॉवर स्थापित करें', 8, 2, '2025-11-13 10:07:46'),
	(35, 'Align fiscal allocations with performance', 'वित्तीय आवंटन को प्रदर्शन के साथ संरेखित करें', 8, 5, '2025-11-13 10:07:46'),
	(36, 'Augment outreach efforts towards MDBs / DFIs to raise soft loans & setup dedicated health funds', 'सॉफ्ट लोन प्राप्त करने और समर्पित स्वास्थ्य कोष स्थापित करने के लिए MDBs / DFIs के प्रति संपर्क प्रयास बढ़ाएं', 8, 5, '2025-11-13 10:07:46'),
	(37, 'Create an attractive PPP policy for healthcare infra, including incentives for targeted CSR-spends', 'स्वास्थ्य अवसंरचना के लिए आकर्षक PPP नीति बनाएं, जिसमें लक्षित CSR खर्चों के लिए प्रोत्साहन शामिल हों', 8, 3, '2025-11-13 10:07:46'),
	(38, 'Ensure 100% healthcare insurance for each household, with enhanced cover of INR 10 Lakh per person', 'प्रत्येक परिवार के लिए 100% स्वास्थ्य बीमा सुनिश्चित करें, प्रति व्यक्ति ₹10 लाख तक की कवरेज के साथ', 8, 5, '2025-11-13 10:07:46'),
	(39, 'Enhance network of Jan Aushadhi Kendras to provide affordable drugs', 'सस्ती दवाएं उपलब्ध कराने के लिए जन औषधि केंद्रों का नेटवर्क विस्तारित करें', 8, 5, '2025-11-13 10:07:46'),
	(40, 'Increase capacity of SCs, PHCs, CHCs in rural areas to bridge the shortfall', 'ग्रामीण क्षेत्रों में SC, PHC और CHC की क्षमता बढ़ाकर कमी को दूर करें', 8, 5, '2025-11-13 10:07:46'),
	(41, 'Have atleast 5 high-tech, fully stocked and well-equipped CHCs in each district', 'प्रत्येक जिले में कम से कम 5 उच्च तकनीक, पूर्ण रूप से सुसज्जित और सुसज्जित सामुदायिक स्वास्थ्य केंद्र (CHC) स्थापित करें', 8, 5, '2025-11-13 10:07:46'),
	(42, 'Have atleast 1 world-class tertiary care hospital in each district', 'प्रत्येक जिले में कम से कम एक विश्व स्तरीय तृतीयक देखभाल अस्पताल स्थापित करें', 8, 1, '2025-11-13 10:07:46'),
	(43, 'Setup atleast 1 Varishtha Jeevansathi Kendra in each district', 'प्रत्येक जिले में कम से कम एक वरिष्ठ जीवनसाथी केंद्र स्थापित करें', 8, 1, '2025-11-13 10:07:46'),
	(44, 'Develop necessary transport infrastructure for better connectivity to underserved regions', 'अविकसित क्षेत्रों को बेहतर संपर्क प्रदान करने हेतु आवश्यक परिवहन अवसंरचना विकसित करें', 8, 1, '2025-11-13 10:11:50'),
	(45, 'Setup 3 Healthcare SEZs – Pharmaceutical SEZ, Medical Equipment SEZ, Healthcare IT SEZ', '3 स्वास्थ्य विशेष आर्थिक क्षेत्र (SEZ) स्थापित करें – औषधीय SEZ, चिकित्सा उपकरण SEZ, स्वास्थ्य आईटी SEZ', 8, 1, '2025-11-13 10:11:50'),
	(46, 'Develop guidelines for a Green Corridor system', 'ग्रीन कॉरिडोर प्रणाली के लिए दिशा-निर्देश विकसित करें', 8, 3, '2025-11-13 10:11:50'),
	(47, 'Augment R&D labs with state-of-the-art infrastructure', 'आर एंड डी प्रयोगशालाओं को अत्याधुनिक अवसंरचना से सुसज्जित करें', 8, 5, '2025-11-13 10:11:50'),
	(48, 'Establish a Centre for Epidemiological Research', 'महामारी विज्ञान अनुसंधान केंद्र की स्थापना करें', 8, 4, '2025-11-13 10:11:50'),
	(49, 'Provide research-linked incentives for commercialization-oriented research in new-age technologies', 'नई युगीन तकनीकों में व्यावसायीकरण-उन्मुख अनुसंधान हेतु अनुसंधान-संबंधित प्रोत्साहन प्रदान करें', 8, 3, '2025-11-13 10:11:50'),
	(50, 'Setup a State Clinical Standards Unit for designing value-based KPIs and clinical protocols', 'मूल्य-आधारित केपीआई और नैदानिक प्रोटोकॉल तैयार करने हेतु राज्य नैदानिक मानक इकाई की स्थापना करें', 8, 4, '2025-11-13 10:11:50'),
	(51, 'Jan Sewa Portal (e-District 2.0): One-stop portal for all citizen services, with Lok Seva Guarantees linked to service delivery metrics', 'जन सेवा पोर्टल (ई-डिस्ट्रिक्ट 2.0): सभी नागरिक सेवाओं के लिए एकीकृत पोर्टल, लोक सेवा गारंटी को सेवा वितरण मानकों से जोड़ते हुए', 12, 2, '2025-11-13 10:11:50'),
	(52, '1 Family, 1 Identifier to track beneficiaries & disseminate household services', '1 परिवार, 1 पहचानकर्ता – लाभार्थियों का ट्रैक करने और गृह सेवाओं के वितरण हेतु', 12, 2, '2025-11-13 10:11:50'),
	(53, 'Sugam Vyapar Portal: Single Window System 3.0 for businesses, with enhanced service coverage & quality', 'सुगम व्यापार पोर्टल: व्यवसायों के लिए एकल खिड़की प्रणाली 3.0, सेवा कवरेज और गुणवत्ता में सुधार के साथ', 12, 2, '2025-11-13 10:11:50'),
	(54, 'Digital & Data Backbone: Building robust IT architecture including data lakes, capturing data bottom-up, etc. with strategic partners like MSPs', 'डिजिटल एवं डेटा आधारभूत ढांचा: डेटा लेक सहित मजबूत आईटी आर्किटेक्चर का निर्माण, एमएसपी जैसे रणनीतिक साझेदारों के साथ', 12, 2, '2025-11-13 10:11:50'),
	(55, 'Digi Sewa Portal: Single portal for empanelment of vendors, experts, etc.', 'डिजी सेवा पोर्टल: विक्रेताओं, विशेषज्ञों आदि के पंजीकरण हेतु एकल पोर्टल', 12, 2, '2025-11-13 10:11:50'),
	(56, 'E-Governance Dashboard: For monitoring key performance indicators including focus on back-end', 'ई-गवर्नेंस डैशबोर्ड: प्रमुख प्रदर्शन संकेतकों की निगरानी हेतु, बैक-एंड प्रक्रियाओं पर विशेष ध्यान के साथ', 12, 2, '2025-11-13 10:11:50'),
	(57, 'Govt. Process Re-engineering: Annual review of department-level processes for a streamlined and simplified experience', 'सरकारी प्रक्रिया पुनः अभियांत्रिकी: विभागीय प्रक्रियाओं की वार्षिक समीक्षा, सरलीकरण एवं दक्षता हेतु', 12, 4, '2025-11-13 10:11:50'),
	(58, 'Paperless Governance: Adoption of e-office across departments with inter-operability across platforms', 'पेपरलेस गवर्नेंस: सभी विभागों में ई-ऑफिस को अपनाना, प्लेटफॉर्मों के बीच इंटरऑपरेबिलिटी सुनिश्चित करते हुए', 12, 2, '2025-11-13 10:11:50'),
	(59, 'HR reforms: Outcome-oriented performance management, optimal mix of private & govt. talent', 'एचआर सुधार: परिणाम-उन्मुख प्रदर्शन प्रबंधन एवं निजी एवं सरकारी प्रतिभा का संतुलित मिश्रण', 12, 5, '2025-11-13 10:11:50'),
	(60, 'IT-Specialist Cadre: Digital & Data Officers in each department', 'आईटी विशेषज्ञ कैडर: प्रत्येक विभाग में डिजिटल एवं डेटा अधिकारी नियुक्त करना', 12, 4, '2025-11-13 10:11:50'),
	(61, 'Structured Capability Building: Structured training programs basis capability gaps & new-age skills', 'संरचित क्षमता निर्माण: योग्यता अंतराल एवं नई युगीन कौशलों पर आधारित प्रशिक्षण कार्यक्रम', 12, 5, '2025-11-13 10:11:50'),
	(62, 'Project orientation & implementation focus: Defined timelines, SPVs, missions, floating cross-functional resources, etc.', 'परियोजना उन्मुखता एवं क्रियान्वयन पर ध्यान: निर्धारित समयसीमा, एसपीवी, मिशन एवं बहु-कार्यात्मक संसाधन', 12, 4, '2025-11-13 10:11:50'),
	(63, 'Convergent governance via inter-departmental committees, review cadences / retreats etc. on key topics', 'मुख्य विषयों पर अंतर-विभागीय समितियों, समीक्षाओं एवं रिट्रीट्स के माध्यम से अभिसरण शासन लागू करना', 12, 4, '2025-11-13 10:11:50'),
	(64, 'Connected Chhattisgarh: Last-mile connectivity to all regions with 100% high-speed broadband penetration', 'कनेक्टेड छत्तीसगढ़: सभी क्षेत्रों में अंतिम मील तक 100% हाई-स्पीड ब्रॉडबैंड कनेक्टिविटी सुनिश्चित करना', 12, 2, '2025-11-13 10:11:50'),
	(65, 'Self-reliant Local Bodies: Better sharing of resources (financial & manpower) with focus on financial self-sustenance', 'आत्मनिर्भर स्थानीय निकाय: वित्तीय एवं मानव संसाधनों का बेहतर साझा, वित्तीय आत्मनिर्भरता पर ध्यान देते हुए', 12, 5, '2025-11-13 10:11:50'),
	(66, 'Jan Bhagidari: Regular citizen engagement for crowdsourcing ideas, citizen feedback, etc.', 'जन भागीदारी: विचारों के क्राउडसोर्सिंग एवं नागरिक प्रतिक्रिया हेतु नियमित नागरिक सहभागिता', 12, 2, '2025-11-13 10:11:50'),
	(67, 'Quality ratings based on citizen feedback for all government services', 'सभी सरकारी सेवाओं के लिए नागरिक प्रतिक्रिया पर आधारित गुणवत्ता रेटिंग प्रणाली लागू करना', 12, 2, '2025-11-13 10:11:50'),
	(68, 'Identify priority sectors & create competitive policies – offering better RoI for investors than competing states', 'प्राथमिकता वाले क्षेत्रों की पहचान कर प्रतिस्पर्धी नीतियाँ बनाना – निवेशकों को अन्य राज्यों की तुलना में बेहतर रिटर्न प्रदान करना', 13, 3, '2025-11-13 10:11:50'),
	(69, 'Setup Invest Chhattisgarh - CG\'s Investment Promotion & Facilitation Body with best-in-class organization structure', 'इन्वेस्ट छत्तीसगढ़ की स्थापना – राज्य की निवेश प्रोत्साहन एवं सुविधा निकाय को सर्वोत्तम संगठन संरचना के साथ स्थापित करना', 13, 4, '2025-11-13 10:11:50'),
	(70, 'Organize regional events / roadshows & a Global Investors Summit – inviting local, national and global industrialists & other dignitaries', 'क्षेत्रीय आयोजन / रोडशो एवं वैश्विक निवेशक शिखर सम्मेलन का आयोजन – स्थानीय, राष्ट्रीय एवं वैश्विक औद्योगिकों और गणमान्य व्यक्तियों को आमंत्रित करना', 13, 3, '2025-11-13 10:11:50'),
	(71, 'Setup a Lead Conversion Unit for handholding high-potential investors and for on-ground conversion', 'उच्च संभावनाओं वाले निवेशकों के मार्गदर्शन एवं निवेश रूपांतरण हेतु लीड कन्वर्जन इकाई स्थापित करना', 13, 4, '2025-11-13 10:11:50'),
	(72, 'Setup 3 Trade Expo Properties for promoting state\'s top products (e.g., Annual Mango Exhibition in Jashpur Expo Centre)', 'राज्य के प्रमुख उत्पादों के प्रचार हेतु 3 ट्रेड एक्सपो केंद्र स्थापित करना (जैसे: जशपुर एक्सपो सेंटर में वार्षिक आम प्रदर्शनी)', 13, 1, '2025-11-13 10:11:50'),
	(73, 'Setup regional offices in Delhi, Mumbai, Bengaluru & other major cities for continuous touchpoints with potential investors', 'दिल्ली, मुंबई, बेंगलुरु एवं अन्य प्रमुख शहरों में क्षेत्रीय कार्यालय स्थापित करना ताकि संभावित निवेशकों से निरंतर संपर्क बना रहे', 13, 4, '2025-11-13 10:11:50'),
	(74, 'Setup an Investment CoE for tracking innovative mechanisms being followed by nations to attract investments', 'निवेश आकर्षित करने हेतु देशों द्वारा अपनाए जा रहे नवोन्मेषी तंत्रों की निगरानी के लिए निवेश उत्कृष्टता केंद्र (CoE) स्थापित करना', 13, 4, '2025-11-13 10:11:50'),
	(75, '15+ Plug-and-play industrial parks within a robust ecosystem integrating housing, logistics etc.', 'आवास, लॉजिस्टिक्स आदि को सम्मिलित करते हुए 15+ प्लग-एंड-प्ले औद्योगिक पार्कों का सुदृढ़ पारिस्थितिकी तंत्र में विकास करना', 3, 1, '2025-11-13 10:11:50'),
	(76, 'Sector-specific policies in the new industrial policy & creation of a warehousing policy', 'नई औद्योगिक नीति में क्षेत्र-विशिष्ट नीतियाँ एवं वेयरहाउसिंग नीति का निर्माण करना', 3, 3, '2025-11-13 10:11:50'),
	(77, 'Expanding microfinance schemes for SMEs and start-ups, fostering collaboration between fintech and incubation hubs', 'सूक्ष्म, लघु एवं मध्यम उद्यमों (SMEs) एवं स्टार्टअप्स के लिए सूक्ष्म-वित्त योजनाओं का विस्तार करना, फिनटेक एवं इन्क्यूबेशन हब्स के बीच सहयोग बढ़ाना', 3, 3, '2025-11-13 10:11:50'),
	(78, 'Implementing 6-month hands-on apprenticeship programs in top industrial firms, led by industry bodies', 'उद्योग निकायों के नेतृत्व में शीर्ष औद्योगिक कंपनियों में 6 माह के व्यावहारिक अप्रेंटिसशिप कार्यक्रम लागू करना', 3, 4, '2025-11-13 10:11:50'),
	(79, 'Steel coordination authority to streamline regulatory approvals with a 90-day clearance window', '90-दिवसीय अनुमोदन विंडो के साथ नियामक स्वीकृतियों को सुव्यवस्थित करने हेतु इस्पात समन्वय प्राधिकरण स्थापित करना', 3, 4, '2025-11-13 10:11:50'),
	(80, 'Robust PPP framework focused on private sector investment for industrial parks', 'औद्योगिक पार्कों हेतु निजी क्षेत्र निवेश पर केंद्रित सुदृढ़ पीपीपी ढांचा विकसित करना', 3, 3, '2025-11-13 10:11:50'),
	(81, 'Streamlining processes & approvals through a comprehensive single-window system', 'व्यापक एकल खिड़की प्रणाली के माध्यम से प्रक्रियाओं एवं अनुमोदनों को सरल बनाना', 3, 2, '2025-11-13 10:11:50'),
	(82, 'Targeted training for sectors like textiles, pharma, steel etc, in ITIs and vocational training centers', 'आईटीआई एवं व्यावसायिक प्रशिक्षण केंद्रों में वस्त्र, फार्मा, इस्पात आदि क्षेत्रों हेतु लक्षित प्रशिक्षण कार्यक्रम संचालित करना', 3, 5, '2025-11-13 10:11:50'),
	(83, 'Conducting roadshows & summits to attract players across sunrise sectors to Chhattisgarh (via Invest CG)', 'इन्वेस्ट सीजी के माध्यम से उभरते क्षेत्रों के निवेशकों को आकर्षित करने हेतु रोडशो एवं शिखर सम्मेलन आयोजित करना', 3, 4, '2025-11-13 10:11:50'),
	(84, 'Chhattisgarh Startup Policy to allow flexible academic breaks for students who want to pursue startups', 'छत्तीसगढ़ स्टार्टअप नीति के तहत छात्रों को स्टार्टअप शुरू करने के लिए लचीले अकादमिक ब्रेक की अनुमति देना', 3, 3, '2025-11-13 10:11:50'),
	(85, 'Setting up Chhattisgarh Startup Mission (CSM) to promote startups in the state', 'राज्य में स्टार्टअप्स को बढ़ावा देने के लिए छत्तीसगढ़ स्टार्टअप मिशन (CSM) की स्थापना करना', 3, 3, '2025-11-13 10:11:50'),
	(86, 'Establishing dedicated hubs & training programs for certifications & compliances', 'प्रमाणीकरण एवं अनुपालन के लिए समर्पित हब्स एवं प्रशिक्षण कार्यक्रम स्थापित करना', 3, 3, '2025-11-13 10:11:50'),
	(87, 'Industrial development act to empower CSIDC for land acquisition, infrastructure development etc.', 'भूमि अधिग्रहण, अवसंरचना विकास आदि के लिए CSIDC को सशक्त करने हेतु औद्योगिक विकास अधिनियम लागू करना', 3, 3, '2025-11-13 10:11:50'),
	(88, 'Development of a quality framework and quality control mechanisms to ensure quality products', 'गुणवत्ता उत्पाद सुनिश्चित करने हेतु गुणवत्ता ढांचा एवं गुणवत्ता नियंत्रण तंत्र विकसित करना', 3, 5, '2025-11-13 10:11:50'),
	(89, 'Creation of a user-friendly mechanism to address commercial and industrial disputes', 'वाणिज्यिक एवं औद्योगिक विवादों के समाधान हेतु उपयोगकर्ता-अनुकूल तंत्र बनाना', 3, 5, '2025-11-13 10:11:50'),
	(90, 'Building efficient storage, transportation, & utility infrastructure across all industrial parks and clusters', 'सभी औद्योगिक पार्कों एवं क्लस्टरों में कुशल भंडारण, परिवहन एवं उपयोगिता अवसंरचना विकसित करना', 3, 1, '2025-11-13 10:11:50'),
	(91, 'Development of advanced logistics hubs and MMLPs to integrate road and rail connectivity', 'सड़क एवं रेल संपर्क को एकीकृत करने हेतु उन्नत लॉजिस्टिक्स हब्स एवं मल्टी-मॉडल लॉजिस्टिक्स पार्क (MMLPs) विकसित करना', 3, 1, '2025-11-13 10:11:50'),
	(92, 'Establish advanced tech training centers & polytechnics near mines and industrial zones', 'खनन एवं औद्योगिक क्षेत्रों के निकट उन्नत तकनीकी प्रशिक्षण केंद्र एवं पॉलिटेक्निक संस्थान स्थापित करना', 3, 1, '2025-11-13 10:11:50'),
	(93, 'Enhancing Renewable Energy Integration through grid modernization and pumped-hydro projects', 'ग्रिड आधुनिकीकरण एवं पंप्ड-हाइड्रो परियोजनाओं के माध्यम से नवीकरणीय ऊर्जा एकीकरण को सुदृढ़ करना', 3, 5, '2025-11-13 10:11:50'),
	(94, 'Providing subsidies for greening in steel sector (improving material & energy efficiency, CCUS etc.)', 'इस्पात क्षेत्र में हरित पहल हेतु सब्सिडी प्रदान करना (सामग्री एवं ऊर्जा दक्षता, सीसीयूएस आदि में सुधार)', 3, 3, '2025-11-13 10:11:50'),
	(95, 'Assisting manufacturers in participating in international trade fairs & securing international buyers', 'निर्माताओं को अंतरराष्ट्रीय व्यापार मेलों में भाग लेने एवं वैश्विक खरीदारों को आकर्षित करने में सहायता करना', 3, 5, '2025-11-13 10:11:50'),
	(96, 'CoE and mission for Rare Earth Metals focusing on geotagging, creation of a jewellery zone etc.', 'दुर्लभ पृथ्वी धातुओं हेतु उत्कृष्टता केंद्र (CoE) एवं मिशन स्थापित करना, जियो-टैगिंग एवं आभूषण क्षेत्र विकास पर ध्यान केंद्रित करते हुए', 3, 5, '2025-11-13 10:11:50'),
	(97, 'Developing new financial instruments like green bonds and sustainability-linked loans', 'ग्रीन बॉन्ड्स एवं स्थिरता-संबंधित ऋण जैसे नए वित्तीय उपकरण विकसित करना', 3, 5, '2025-11-13 10:11:50'),
	(98, 'Sector-specific incubation centers, developing Chhattisgarh into a world-class R&D hub & Design CoE', 'क्षेत्र-विशिष्ट इन्क्यूबेशन केंद्र स्थापित करना, छत्तीसगढ़ को विश्व स्तरीय अनुसंधान एवं डिजाइन उत्कृष्टता केंद्र के रूप में विकसित करना', 3, 5, '2025-11-13 10:11:50'),
	(99, 'Developing decarbonization roadmaps for key sectors like metals, agriculture, and cement', 'धातु, कृषि एवं सीमेंट जैसे प्रमुख क्षेत्रों हेतु डीकार्बोनाइजेशन रोडमैप विकसित करना', 3, 3, '2025-11-13 10:11:50'),
	(100, 'Incentivizing & formalizing waste and scrap recycling to promote sustainability', 'सततता को बढ़ावा देने हेतु अपशिष्ट एवं स्क्रैप रीसाइक्लिंग को प्रोत्साहित एवं औपचारिक बनाना', 3, 3, '2025-11-13 10:11:50'),
	(101, 'Integrating Industry 4.0 technologies across industrial clusters to drive digital transformation', 'औद्योगिक समूहों में डिजिटल परिवर्तन को बढ़ावा देने के लिए इंडस्ट्री 4.0 तकनीकों का एकीकरण', 3, 2, '2025-11-13 10:17:43'),
	(102, 'Development of IT ecosystem (3 IT parks (1 by 2025, 3 by 2027), BPOs in 11 & data centers in 2 districts)', 'आईटी पारिस्थितिकी तंत्र का विकास (3 आईटी पार्क – 1 वर्ष 2025 तक, 3 वर्ष 2027 तक), 11 जिलों में बीपीओ और 2 जिलों में डेटा सेंटर', 6, 1, '2025-11-13 10:17:43'),
	(103, 'Providing guaranteed access to affordable land and reliable power & internet, linked to creation of jobs', 'सस्ती भूमि, विश्वसनीय बिजली और इंटरनेट तक गारंटीकृत पहुंच सुनिश्चित करना, रोजगार सृजन से जुड़ा हुआ', 6, 3, '2025-11-13 10:17:43'),
	(104, 'Targeted IT policy with customized incentives: Tax holidays, streamlined cybercrime regulations', 'लक्षित आईटी नीति के तहत अनुकूलित प्रोत्साहन: टैक्स हॉलिडे और साइबर अपराध विनियमन को सरल बनाना', 6, 3, '2025-11-13 10:17:43'),
	(105, 'Partnerships with anchor companies for infrastructure development & setting up GCCs', 'बुनियादी ढांचा विकास और जीसीसी स्थापित करने के लिए एंकर कंपनियों के साथ साझेदारी', 6, 5, '2025-11-13 10:17:43'),
	(106, 'Dedicated Rural BPO Policy, capital subsidies and incentives for hiring of women & differently-abled', 'महिलाओं और दिव्यांगजनों की भर्ती के लिए पूंजी सब्सिडी और प्रोत्साहन सहित समर्पित ग्रामीण बीपीओ नीति', 6, 3, '2025-11-13 10:17:43'),
	(107, 'Upskilling the rural workforce in essential digital tools, government schemes, and fluency in Hindi', 'ग्रामीण कार्यबल को आवश्यक डिजिटल उपकरणों, सरकारी योजनाओं और हिंदी प्रवीणता में कौशल प्रदान करना', 6, 5, '2025-11-13 10:17:43'),
	(108, 'Prioritizing completion of public transport, water, electricity, and high-speed internet in Naya Raipur', 'नया रायपुर में सार्वजनिक परिवहन, जल, बिजली और हाई-स्पीड इंटरनेट की पूर्णता को प्राथमिकता देना', 6, 1, '2025-11-13 10:17:43'),
	(109, 'Rolling out a targeted marketing campaign showcasing Naya Raipur’s competitive advantages', 'नया रायपुर की प्रतिस्पर्धी विशेषताओं को प्रदर्शित करने वाला लक्षित विपणन अभियान शुरू करना', 6, 5, '2025-11-13 10:17:43'),
	(110, 'Creating and supporting private and public incubators/accelerators to foster innovation and upskilling', 'नवाचार और कौशल वृद्धि को प्रोत्साहित करने के लिए निजी और सार्वजनिक इनक्यूबेटर/एक्सेलेरेटर बनाना और समर्थन करना', 6, 5, '2025-11-13 10:17:43'),
	(111, 'Invest CG to host national and international roadshows', 'इन्वेस्ट सीजी द्वारा राष्ट्रीय और अंतर्राष्ट्रीय रोडशो आयोजित करना', 6, 5, '2025-11-13 10:17:43'),
	(112, 'Development of robust social infrastructure, including housing & good schools to attract & retain talent', 'प्रतिभाओं को आकर्षित और बनाए रखने के लिए आवास और अच्छे स्कूलों सहित मजबूत सामाजिक अवसंरचना का विकास', 6, 1, '2025-11-13 10:17:43'),
	(113, 'State departments to allocate 5% of their budget towards improving IT infrastructure', 'राज्य विभागों द्वारा अपने बजट का 5% आईटी अवसंरचना में सुधार के लिए आवंटित करना', 6, 3, '2025-11-13 10:17:43'),
	(114, 'Establish a dedicated task force to oversee implementation of the 90-day clearance rule in Naya Raipur', 'नया रायपुर में 90-दिन क्लीयरेंस नियम के कार्यान्वयन की निगरानी के लिए एक समर्पित टास्क फोर्स की स्थापना करना', 6, 4, '2025-11-13 10:17:43'),
	(115, 'Inviting hyperscale data center operators (Amazon Web Services, Google Cloud) to set up data centers', 'हाइपरस्केल डेटा सेंटर ऑपरेटरों (अमेज़न वेब सर्विसेज, गूगल क्लाउड) को डेटा सेंटर स्थापित करने के लिए आमंत्रित करना', 6, 5, '2025-11-13 10:17:43'),
	(116, 'Implementing advanced disaster recovery solutions, including multi-zone redundancy & data encryption', 'मल्टी-ज़ोन रिडंडेंसी और डेटा एन्क्रिप्शन सहित उन्नत आपदा पुनर्प्राप्ति समाधान लागू करना', 6, 5, '2025-11-13 10:17:43'),
	(117, 'Expediting construction of 6-lane Nagpur-Raipur-Vizag corridor & Raipur-Dhanbad greenfield road', '6-लेन नागपुर-रायपुर-विजाग कॉरिडोर और रायपुर-धनबाद ग्रीनफील्ड रोड के निर्माण में तेजी लाना', 5, 1, '2025-11-13 10:17:43'),
	(118, 'Enhance connectivity of rail through development of the Katgora-Dongargarh railway line', 'कटगोरा-डोंगरगढ़ रेलवे लाइन के विकास के माध्यम से रेल कनेक्टिविटी बढ़ाना', 5, 1, '2025-11-13 10:17:43'),
	(119, 'Develop 4 Multi-modal logistics parks, warehousing & logistics hubs on the Raipur-Durg corridor', 'रायपुर-दुर्ग कॉरिडोर पर 4 मल्टी-मोडल लॉजिस्टिक्स पार्क, वेयरहाउसिंग और लॉजिस्टिक्स हब विकसित करना', 5, 1, '2025-11-13 10:17:43'),
	(120, 'Install EV charging stations & incentivize adoption of EVs through purchase & parking subsidies', 'ईवी चार्जिंग स्टेशन स्थापित करना और खरीद व पार्किंग सब्सिडी के माध्यम से ईवी अपनाने को प्रोत्साहित करना', 5, 1, '2025-11-13 10:17:43'),
	(121, 'Develop large-scale vehicle scrapping and recycling facilities, aligning with national scrappage policies', 'राष्ट्रीय स्क्रैपेज नीति के अनुरूप बड़े पैमाने पर वाहन स्क्रैपिंग और रीसाइक्लिंग सुविधाओं का विकास करना', 5, 1, '2025-11-13 10:20:19'),
	(122, 'Collaborate with startups to expedite implementation of smart mobility & logistics e-marketplace', 'स्मार्ट मोबिलिटी और लॉजिस्टिक्स ई-मार्केटप्लेस के कार्यान्वयन में तेजी लाने के लिए स्टार्टअप्स के साथ सहयोग करना', 5, 2, '2025-11-13 10:20:19'),
	(123, 'Logistics policy with enhanced fiscal incentives, tax exemptions, and supportive framework for PPP', 'पीपीपी के लिए सहायक ढांचे, कर छूट और वित्तीय प्रोत्साहन के साथ लॉजिस्टिक्स नीति बनाना', 5, 3, '2025-11-13 10:20:19'),
	(124, 'Expediting development of Bilaspur-Pathrapali corridor', 'बिलासपुर-पथरापाली कॉरिडोर के विकास में तेजी लाना', 5, 1, '2025-11-13 10:20:19'),
	(125, 'Increasing connectivity to Paradip port through Sambalpur & Cuttack', 'संबलपुर और कटक के माध्यम से पारादीप पोर्ट तक कनेक्टिविटी बढ़ाना', 5, 1, '2025-11-13 10:20:19'),
	(126, 'Enhancing Raipur airport to handle cargo & upgrading category licenses of other airports', 'रायपुर हवाई अड्डे को कार्गो संचालन के लिए उन्नत बनाना और अन्य हवाई अड्डों के श्रेणी लाइसेंस को अपग्रेड करना', 5, 1, '2025-11-13 10:20:19'),
	(127, 'Establishing low-cost cold storage & warehouse units in Bastar, Surguja, Jashpur & Raigarh', 'बस्तर, सरगुजा, जशपुर और रायगढ़ में कम लागत वाले कोल्ड स्टोरेज और वेयरहाउस इकाइयों की स्थापना करना', 5, 1, '2025-11-13 10:20:19'),
	(128, 'Upgrading ITIs to include supply-chain management & automation', 'आईटीआई को सप्लाई-चेन प्रबंधन और ऑटोमेशन प्रशिक्षण शामिल करने के लिए उन्नत बनाना', 5, 5, '2025-11-13 10:20:19'),
	(129, 'Development of railway stations to connect all districts', 'सभी जिलों को जोड़ने के लिए रेलवे स्टेशनों का विकास करना', 5, 1, '2025-11-13 10:20:19'),
	(130, 'Construction of railway sidings to coal & iron ore pitheads with integrated terminals', 'कोयला और लौह अयस्क खदानों तक एकीकृत टर्मिनल सहित रेलवे साइडिंग का निर्माण करना', 5, 1, '2025-11-13 10:20:19'),
	(131, 'Developing dedicated East-west & North-South freight corridors to streamline cargo movement', 'कार्गो परिवहन को सुव्यवस्थित करने के लिए पूर्व-पश्चिम और उत्तर-दक्षिण माल गलियारों का विकास करना', 5, 1, '2025-11-13 10:20:19'),
	(132, 'Upgrading existing inland container depots in Raipur to handle increased cargo volumes', 'रायपुर में मौजूदा इनलैंड कंटेनर डिपो को बढ़ते कार्गो वॉल्यूम संभालने के लिए अपग्रेड करना', 5, 1, '2025-11-13 10:20:19'),
	(133, 'Building data & analytics centers to optimize route planning & improve supply chain visibility', 'रूट प्लानिंग को अनुकूलित करने और सप्लाई चेन दृश्यता बढ़ाने के लिए डेटा और एनालिटिक्स केंद्र बनाना', 5, 2, '2025-11-13 10:20:19'),
	(134, 'Implementing automated storage & retrieval systems in warehouses to enhance operational efficiency', 'वेयरहाउस में स्वचालित स्टोरेज और रिट्रीवल सिस्टम लागू करना ताकि परिचालन दक्षता बढ़े', 5, 2, '2025-11-13 10:20:19'),
	(135, 'Investing in autonomous vehicles and drones for last-mile delivery to improve efficiency & reduce costs', 'कुशलता बढ़ाने और लागत घटाने के लिए अंतिम-मील डिलीवरी हेतु स्वायत्त वाहनों और ड्रोन में निवेश करना', 5, 2, '2025-11-13 10:20:19'),
	(136, 'Creation of dedicated RDA for development & coordination of 4 identified urban agglomerations', 'चार पहचाने गए शहरी समूहों के विकास और समन्वय के लिए समर्पित आरडीए का गठन करना', 11, 4, '2025-11-13 10:20:19'),
	(137, 'Strategic development of the SCR with 10+ mega projects across housing, healthcare, industry etc.', 'आवास, स्वास्थ्य और उद्योग जैसे क्षेत्रों में 10 से अधिक मेगा परियोजनाओं के साथ एससीआर का रणनीतिक विकास करना', 11, 1, '2025-11-13 10:20:19'),
	(138, 'Targeted investments in infra for electricity & full coverage of piped water, 100% tap water by 2030', 'बिजली अवसंरचना और पाइप जल की पूर्ण कवरेज (2030 तक 100% नल जल) के लिए लक्षित निवेश करना', 11, 1, '2025-11-13 10:20:19'),
	(139, 'Scaling smart city initiatives to 5 greenfield cities', 'स्मार्ट सिटी पहलों को 5 ग्रीनफील्ड शहरों तक विस्तारित करना', 11, 2, '2025-11-13 10:20:19'),
	(140, 'Greenfield development of 5,000 smart & model villages (500 villages by 2030)', '5,000 स्मार्ट और मॉडल गांवों का ग्रीनफील्ड विकास (2030 तक 500 गांव)', 11, 1, '2025-11-13 10:20:19'),
	(141, 'Creation of STC to manage state-wide public transport & UMTA for regional transport development', 'राज्यव्यापी सार्वजनिक परिवहन प्रबंधन के लिए एसटीसी और क्षेत्रीय परिवहन विकास के लिए यूएमटीए की स्थापना करना', 11, 4, '2025-11-13 10:20:19'),
	(142, 'Developing a strong PPP construct for collaboration with private sector in social infrastructure projects', 'सामाजिक अवसंरचना परियोजनाओं में निजी क्षेत्र के साथ सहयोग हेतु सशक्त पीपीपी ढांचा विकसित करना', 11, 3, '2025-11-13 10:20:19'),
	(143, 'Community-level sports facilities for promoting sports', 'खेल को बढ़ावा देने के लिए सामुदायिक स्तर पर खेल सुविधाओं का निर्माण करना', 11, 1, '2025-11-13 10:20:19'),
	(144, 'Slum redevelopment & integration into city-planning in Raipur', 'रायपुर में झुग्गी पुनर्विकास और शहर नियोजन में उसका एकीकरण करना', 11, 1, '2025-11-13 10:20:19'),
	(145, 'Construction of designated geo-zones (e.g.: Medicity, Education city)', 'निर्धारित भू-क्षेत्रों (जैसे मेडिसिटी, एजुकेशन सिटी) का निर्माण करना', 11, 1, '2025-11-13 10:20:19'),
	(146, 'Master planning of cities & Creating 15-minute cities by implementing zoning regulations', 'जोनिंग नियम लागू करके शहरों का मास्टर प्लान बनाना और “15 मिनट शहर” अवधारणा को लागू करना', 11, 3, '2025-11-13 10:20:19'),
	(147, 'Policy Frameworks: Developing robust policies and regulations to guide infra development', 'नीति ढांचे: अवसंरचना विकास के लिए सुदृढ़ नीतियां और विनियम विकसित करना', 11, 3, '2025-11-13 10:20:19'),
	(148, 'Organizing targeted investment summits to attract national and international investors', 'राष्ट्रीय और अंतर्राष्ट्रीय निवेशकों को आकर्षित करने के लिए लक्षित निवेश सम्मेलनों का आयोजन करना', 11, 5, '2025-11-13 10:20:19'),
	(149, 'Developing a detailed project pipeline with land allocation & regulatory support to facilitate investments', 'निवेश को सुगम बनाने के लिए भूमि आवंटन और नियामक सहायता के साथ विस्तृत परियोजना पाइपलाइन विकसित करना', 11, 5, '2025-11-13 10:20:19'),
	(150, 'Conducting land audits to identify prime locations for industrial, commercial, and residential projects', 'औद्योगिक, वाणिज्यिक और आवासीय परियोजनाओं के लिए प्रमुख स्थानों की पहचान हेतु भूमि ऑडिट करना', 11, 5, '2025-11-13 10:20:19'),
	(151, 'Development of 4 greenfield cities via feasibility and Zoning to assess land suitability', 'भूमि उपयुक्तता के आकलन हेतु व्यवहार्यता और जोनिंग के माध्यम से 4 ग्रीनफील्ड शहरों का विकास करना', 11, 5, '2025-11-13 10:20:19'),
	(152, 'Develop commodity-specific clusters (pilots for 15 mission)', '15 मिशन के पायलट के रूप में वस्तु-विशिष्ट क्लस्टर विकसित करना', 1, 4, '2025-11-13 10:20:19'),
	(153, 'Institutionalize a two-pronged State Paddy Mission', 'दो-आयामी राज्य धान मिशन को संस्थागत रूप देना', 1, 4, '2025-11-13 10:20:19'),
	(154, 'Launch Agri & Allied Export Promotion Policy', 'कृषि और सहायक क्षेत्रों के लिए निर्यात संवर्धन नीति शुरू करना', 1, 3, '2025-11-13 10:20:19'),
	(155, 'Set-up Agri Export Zones in convergence with APEDA', 'एपीडा के साथ अभिसरण में कृषि निर्यात क्षेत्र स्थापित करना', 1, 1, '2025-11-13 10:21:43'),
	(156, 'Strong regional brand for Chhattisgarh\'s produce', 'छत्तीसगढ़ के कृषि उत्पादों के लिए मजबूत क्षेत्रीय ब्रांड विकसित करना', 1, 3, '2025-11-13 10:21:43'),
	(157, 'Set-up Village Export Hubs in convergence with APEDA', 'एपीडा के साथ मिलकर गांव स्तर पर निर्यात हब स्थापित करना', 1, 1, '2025-11-13 10:21:43'),
	(158, 'Foster dedicated market linkages – domestic and global', 'घरेलू और वैश्विक स्तर पर समर्पित बाजार संबंध विकसित करना', 1, 3, '2025-11-13 10:21:43'),
	(159, 'Scale irrigation-as-a-service – scheme for PAYG via Pvt.', 'निजी भागीदारी के माध्यम से “सिंचाई-सेवा के रूप में” योजना का विस्तार करना', 1, 3, '2025-11-13 10:21:43'),
	(160, 'Launch an irrigation revolving fund with NABARD', 'नाबार्ड के साथ एक सिंचाई रिवॉल्विंग फंड शुरू करना', 1, 3, '2025-11-13 10:21:43'),
	(161, 'Develop advanced irrigation infrastructure', 'उन्नत सिंचाई अवसंरचना का विकास करना', 1, 1, '2025-11-13 10:21:43'),
	(162, 'Launch FPO Mentorship Program with NABARD', 'नाबार्ड के सहयोग से एफपीओ मेंटरशिप प्रोग्राम शुरू करना', 1, 3, '2025-11-13 10:21:43'),
	(163, 'Implement seamless phygital commerce for FPOs', 'एफपीओ के लिए फिजिटल कॉमर्स (भौतिक + डिजिटल) प्रणाली लागू करना', 1, 2, '2025-11-13 10:21:43'),
	(164, 'Incentivize FPOs registered on national portals', 'राष्ट्रीय पोर्टल पर पंजीकृत एफपीओ को प्रोत्साहन देना', 1, 3, '2025-11-13 10:21:43'),
	(165, 'Set-up a biotech CoE in Raipur in PPP', 'रायपुर में पीपीपी मॉडल के तहत बायोटेक उत्कृष्टता केंद्र स्थापित करना', 1, 1, '2025-11-13 10:21:43'),
	(166, 'Develop CG as hub for quality seeds and planting material', 'छत्तीसगढ़ को उच्च गुणवत्ता वाले बीज और पौध सामग्री का केंद्र बनाना', 1, 4, '2025-11-13 10:21:43'),
	(167, 'Orchestrate an R&D Ecosystem – incentivize academia', 'अनुसंधान एवं विकास पारिस्थितिकी तंत्र को प्रोत्साहित करना – शिक्षाविदों को प्रोत्साहन देना', 1, 3, '2025-11-13 10:21:43'),
	(168, 'Implement a central land records', 'केंद्रीकृत भूमि अभिलेख प्रणाली लागू करना', 1, 2, '2025-11-13 10:21:43'),
	(169, 'State wide mission for 30% organic by 2047', 'वर्ष 2047 तक 30% जैविक खेती के लिए राज्यव्यापी मिशन चलाना', 1, 3, '2025-11-13 10:21:43'),
	(170, 'Facilitate climate smart practices like INM', 'एकीकृत पोषक तत्व प्रबंधन (INM) जैसी जलवायु-स्मार्ट प्रथाओं को प्रोत्साहित करना', 1, 3, '2025-11-13 10:21:43'),
	(171, 'Annadaata to Urjadaata: Biofuel Programme', 'अन्नदाता से ऊर्जा दाता: बायोफ्यूल कार्यक्रम', 1, 3, '2025-11-13 10:21:43'),
	(172, 'Launch an Agri Promotion Fund – FOF model', 'कृषि संवर्धन कोष (फंड ऑफ फंड्स मॉडल) शुरू करना', 1, 3, '2025-11-13 10:21:43'),
	(173, 'Increase access to KCCs by forming JLGs', 'संयुक्त देयता समूह (JLG) बनाकर किसान क्रेडिट कार्ड की पहुंच बढ़ाना', 1, 3, '2025-11-13 10:21:43'),
	(174, 'Ensure price support via organized mandis', 'संगठित मंडियों के माध्यम से मूल्य समर्थन सुनिश्चित करना', 1, 1, '2025-11-13 10:21:43'),
	(175, 'Mission for private anchors & foreign investment', 'निजी एंकर निवेशकों और विदेशी निवेश के लिए विशेष मिशन शुरू करना', 1, 3, '2025-11-13 10:21:43'),
	(176, 'Utilize KVKs, RIPA and RSICs as district coordinators', 'केवीके, आरआईपीए और आरएसआईसी को जिला समन्वयक के रूप में उपयोग करना', 1, 3, '2025-11-13 10:21:43'),
	(177, 'Set-up ADARSH colleges focused on agriculture', 'कृषि केंद्रित आदर्श महाविद्यालयों की स्थापना करना', 1, 1, '2025-11-13 10:21:43'),
	(178, 'Partner with start-ups to implement agri-tech solutions', 'कृषि-तकनीक समाधान लागू करने के लिए स्टार्टअप्स के साथ साझेदारी करना', 1, 3, '2025-11-13 10:21:43'),
	(179, 'Integrated sensor technologies like drones', 'ड्रोन जैसी एकीकृत सेंसर तकनीकों का उपयोग करना', 1, 3, '2025-11-13 10:21:43'),
	(180, 'Targeted program for agriculturally backward areas', 'कृषि दृष्टि से पिछड़े क्षेत्रों के लिए लक्षित कार्यक्रम लागू करना', 1, 3, '2025-11-13 10:21:43'),
	(181, 'Pilot agro-tourism', 'कृषि पर्यटन (एग्रो-टूरिज्म) के पायलट प्रोजेक्ट शुरू करना', 1, 1, '2025-11-13 10:21:43'),
	(182, 'Dedicated cell for Renewable Energy under Energy dept.', 'ऊर्जा विभाग के अंतर्गत नवीकरणीय ऊर्जा के लिए समर्पित प्रकोष्ठ बनाना', 9, 4, '2025-11-13 10:21:43'),
	(183, 'Inaugurating floating solar plants on 5 key reservoirs', '5 प्रमुख जलाशयों पर फ्लोटिंग सोलर प्लांट का उद्घाटन करना', 9, 1, '2025-11-13 10:21:43'),
	(184, 'Solarization of agri. & households under central schemes', 'केंद्रीय योजनाओं के तहत कृषि और घरेलू उपयोग हेतु सौर ऊर्जा रूपांतरण करना', 9, 1, '2025-11-13 10:21:43'),
	(185, 'Scaling PSPs on major rivers in PPP', 'मुख्य नदियों पर पीपीपी मॉडल में पंप्ड स्टोरेज प्रोजेक्ट्स (PSPs) को बढ़ाना', 9, 1, '2025-11-13 10:21:43'),
	(186, 'Setting a biofuel CoE for a state biofuel program', 'राज्य जैव ईंधन कार्यक्रम के लिए बायोफ्यूल उत्कृष्टता केंद्र स्थापित करना', 9, 4, '2025-11-13 10:21:43'),
	(187, '100% fly ash utilization basis MoEF norms', 'पर्यावरण मंत्रालय के मानदंडों के अनुसार 100% फ्लाई ऐश उपयोग सुनिश्चित करना', 9, 3, '2025-11-13 10:21:43'),
	(188, 'Decarbonization of thermal plants via CCUS and FGD1', 'सीसीयूएस और एफजीडी तकनीक द्वारा तापीय संयंत्रों का डीकार्बोनाइजेशन करना', 9, 3, '2025-11-13 10:21:43'),
	(189, 'Defining policies for greening of 6 priority sectors', '6 प्राथमिक क्षेत्रों के हरितीकरण के लिए नीतियां तैयार करना', 9, 3, '2025-11-13 10:21:43'),
	(190, 'Taskforce under mining dept. for governance of MCPs', 'खनन विभाग के अंतर्गत खनन क्लस्टर परियोजनाओं के सुशासन हेतु टास्कफोर्स बनाना', 9, 4, '2025-11-13 10:21:43'),
	(191, 'Plastic-free Chhattisgarh: ban on single-use plastics', 'प्लास्टिक-मुक्त छत्तीसगढ़: एकल-उपयोग प्लास्टिक पर पूर्ण प्रतिबंध लागू करना', 9, 3, '2025-11-13 10:21:43'),
	(192, 'Scaling waste processing infra – 25 STPs, 2 CETPs', '25 एसटीपी और 2 सीईटीपी सहित अपशिष्ट प्रसंस्करण अवसंरचना का विस्तार करना', 9, 1, '2025-11-13 10:21:43'),
	(193, 'Setting up a waste-to-energy plant in Raipur', 'रायपुर में वेस्ट-टू-एनर्जी संयंत्र स्थापित करना', 9, 1, '2025-11-13 10:21:43'),
	(194, 'Launching a digital marketplace for e2e waste cycle', 'कचरा प्रबंधन के एंड-टू-एंड चक्र के लिए डिजिटल मार्केटप्लेस शुरू करना', 9, 2, '2025-11-13 10:21:43'),
	(195, 'Eco-restoration of open forests and damaged land', 'खुले वनों और क्षतिग्रस्त भूमि का पारिस्थितिक पुनर्स्थापन करना', 9, 3, '2025-11-13 10:21:43'),
	(196, 'Increasing ToF area via urban green spaces & agroforestry', 'शहरी हरित क्षेत्र और कृषि वानिकी के माध्यम से वृक्षावरण क्षेत्र बढ़ाना', 9, 3, '2025-11-13 10:21:43'),
	(197, 'Conserving wetlands under Ramsar convention', 'रामसर कन्वेंशन के तहत आर्द्रभूमियों का संरक्षण करना', 9, 3, '2025-11-13 10:21:43'),
	(198, 'Launching state water policy, basins plan, SWIC & tariff system', 'राज्य जल नीति, बेसिन योजना, एसडब्ल्यूआईसी और टैरिफ प्रणाली शुरू करना', 9, 3, '2025-11-13 10:21:43'),
	(199, 'Setting micro-irrigation projects and piped infrastructure', 'सूक्ष्म सिंचाई परियोजनाएं और पाइपलाइन अवसंरचना स्थापित करना', 9, 1, '2025-11-13 10:21:43'),
	(200, 'Large scale recharge of groundwater via anicuts & aquifers', 'एनिकट और जलभृतों के माध्यम से भूजल का बड़े पैमाने पर पुनर्भरण करना', 9, 1, '2025-11-13 10:21:43'),
	(201, 'Establishing Water Users Association; & WALMI for capacity build', 'जल उपयोगकर्ता संघ और WALMI की स्थापना क्षमता निर्माण हेतु', 9, 4, '2025-11-13 10:23:00'),
	(202, 'Institutionalization of informal waste collectors', 'अनौपचारिक कचरा संग्राहकों का संस्थानीकरण', 9, 4, '2025-11-13 10:23:00'),
	(203, 'Re-orient Chhattisgarh Herbals brand-positioning', 'छत्तीसगढ़ हर्बल्स के ब्रांड पोजिशनिंग का पुनर्निर्धारण', 2, 3, '2025-11-13 10:23:00'),
	(204, 'Create a dedicated Exports Task Force under MFP Dept.', 'एमएफपी विभाग के तहत समर्पित निर्यात टास्क फोर्स का गठन', 2, 4, '2025-11-13 10:23:00'),
	(205, 'Get GI tags and global certification for key products', 'मुख्य उत्पादों के लिए जीआई टैग और वैश्विक प्रमाणन प्राप्त करना', 2, 3, '2025-11-13 10:23:00'),
	(206, 'Global tie-ups for forest-branded natural products', 'वन-आधारित प्राकृतिक उत्पादों के लिए वैश्विक साझेदारी', 2, 3, '2025-11-13 10:23:00'),
	(207, 'Launch Annual Chhattisgarh AYUSH Expo', 'वार्षिक छत्तीसगढ़ आयुष एक्सपो का शुभारंभ', 2, 3, '2025-11-13 10:23:00'),
	(208, 'Create an AYUSH pharmacopoeia', 'आयुष फार्माकोपिया तैयार करना', 2, 3, '2025-11-13 10:23:00'),
	(209, 'Set-up an Ayurveda complex – mfg., healthcare, training + teaching', 'आयुर्वेद कॉम्प्लेक्स की स्थापना – निर्माण, स्वास्थ्यसेवा, प्रशिक्षण और शिक्षण के लिए', 2, 1, '2025-11-13 10:23:00'),
	(210, 'Partner with private sector to develop training courses', 'निजी क्षेत्र के साथ साझेदारी कर प्रशिक्षण पाठ्यक्रम विकसित करना', 2, 3, '2025-11-13 10:23:00'),
	(211, 'Run last-mile comprehensive skilling programs via VDVKs', 'वीडीवीके के माध्यम से अंतिम छोर तक कौशल विकास कार्यक्रम चलाना', 2, 3, '2025-11-13 10:23:00'),
	(212, 'Infra. development for a decentralized value-chain', 'विकेन्द्रित मूल्य शृंखला हेतु आधारभूत ढांचे का विकास', 2, 1, '2025-11-13 10:23:00'),
	(213, 'Ensure AYUSH-accredited facilities at all AMs and DHs', 'सभी AMs और DHs में आयुष-मान्यता प्राप्त सुविधाएं सुनिश्चित करना', 2, 3, '2025-11-13 10:23:00'),
	(214, 'Create PPP guidelines for resorts, mfg. units, etc.', 'रिसॉर्ट्स, विनिर्माण इकाइयों आदि के लिए PPP दिशानिर्देश बनाना', 2, 3, '2025-11-13 10:23:00'),
	(215, 'Augment existing network of AYUSH facilities', 'आयुष सुविधाओं के मौजूदा नेटवर्क को सुदृढ़ करना', 2, 3, '2025-11-13 10:23:00'),
	(216, 'Promote sustainable management of forests', 'वनों के सतत प्रबंधन को बढ़ावा देना', 2, 3, '2025-11-13 10:23:00'),
	(217, 'Institutionalize a Steering Committee for vision implementation', 'दृष्टि कार्यान्वयन हेतु संचालन समिति का संस्थानीकरण', 2, 4, '2025-11-13 10:23:00'),
	(218, 'Curate a large-scale Wellness Tourism campaign', 'वेलनेस पर्यटन के लिए बड़े पैमाने पर अभियान चलाना', 2, 3, '2025-11-13 10:23:00'),
	(219, 'Establish excellence centers in VDVKs', 'वीडीवीके में उत्कृष्टता केंद्र स्थापित करना', 2, 1, '2025-11-13 10:23:00'),
	(220, 'Setup a dedicated e-Marketplace for Van Dhan', 'वन धन के लिए समर्पित ई-मार्केटप्लेस स्थापित करना', 2, 2, '2025-11-13 10:23:00'),
	(221, 'Strengthen Van Dhan Vikas Kendras with PPP linkages', 'पीपीपी मॉडल के माध्यम से वन धन विकास केंद्रों को सशक्त बनाना', 2, 3, '2025-11-13 10:23:00'),
	(222, 'Setup 1 CoEs on AYUSH R&D and clinical standards', 'आयुष अनुसंधान एवं नैदानिक मानकों पर उत्कृष्टता केंद्र स्थापित करना', 2, 1, '2025-11-13 10:23:00'),
	(223, 'Empower tribal co-ops for direct marketing', 'प्रत्यक्ष विपणन हेतु जनजातीय सहकारी समितियों को सशक्त बनाना', 2, 3, '2025-11-13 10:23:00'),
	(224, 'Implement e-extension service in VDVKs in PPP-mode', 'पीपीपी मॉडल में वीडीवीके में ई-एक्सटेंशन सेवा लागू करना', 2, 2, '2025-11-13 10:23:00'),
	(225, 'Develop a branded-line of CG Herbals high-value products', 'छत्तीसगढ़ हर्बल्स के उच्च-मूल्य उत्पादों की ब्रांडेड श्रृंखला विकसित करना', 2, 3, '2025-11-13 10:23:00'),
	(226, 'Phased operationalization of DMOs', 'डीएमओ का चरणबद्ध संचालन शुरू करना', 4, 4, '2025-11-13 10:23:00'),
	(227, 'Revamp of Chhattisgarh Tourism Policy', 'छत्तीसगढ़ पर्यटन नीति का पुनर्गठन', 4, 3, '2025-11-13 10:23:00'),
	(228, 'Improvement in air connectivity', 'हवाई संपर्क में सुधार', 4, 1, '2025-11-13 10:23:00'),
	(229, 'Last-mile-road-connectivity in phase-1 clusters', 'फेज-1 क्लस्टरों में अंतिम छोर तक सड़क संपर्क सुनिश्चित करना', 4, 1, '2025-11-13 10:23:00'),
	(230, 'Launch tourist shuttles', 'पर्यटक शटल सेवाएं प्रारंभ करना', 4, 1, '2025-11-13 10:23:00'),
	(231, 'Develop mobility experiences', 'पर्यटन अनुभवों को गतिशील बनाना', 4, 1, '2025-11-13 10:23:00'),
	(232, 'Launch state-level investment incentive scheme', 'राज्य-स्तरीय निवेश प्रोत्साहन योजना शुरू करना', 4, 3, '2025-11-13 10:23:00'),
	(233, 'Set-up window for investor hand-holding services at DMOs', 'डीएमओ में निवेशक सहायता सेवाओं हेतु विंडो स्थापित करना', 4, 3, '2025-11-13 10:23:00'),
	(234, 'Define a bed tax policy for luxury accommodations', 'लक्जरी आवासों के लिए बेड टैक्स नीति परिभाषित करना', 4, 3, '2025-11-13 10:23:00'),
	(235, 'Establish credit facility for small-scale entrepreneurs', 'लघु उद्यमियों के लिए ऋण सुविधा स्थापित करना', 4, 3, '2025-11-13 10:23:00'),
	(236, 'Infra. for authenticity tags for locally run businesses', 'स्थानीय व्यवसायों के लिए प्रामाणिकता टैग हेतु अवसंरचना तैयार करना', 4, 1, '2025-11-13 10:23:00'),
	(237, 'Set-up dedicated ADARSH colleges for tourism', 'पर्यटन क्षेत्र हेतु समर्पित आदर्श कॉलेज स्थापित करना', 4, 1, '2025-11-13 10:23:00'),
	(238, 'Design curriculum; and run training programs', 'पाठ्यक्रम तैयार करना और प्रशिक्षण कार्यक्रम चलाना', 4, 3, '2025-11-13 10:23:00'),
	(239, 'Develop branding & marketing strategy', 'ब्रांडिंग और विपणन रणनीति विकसित करना', 4, 3, '2025-11-13 10:23:00'),
	(240, 'Launch an integrated tourism portal', 'एकीकृत पर्यटन पोर्टल लॉन्च करना', 4, 2, '2025-11-13 10:23:00'),
	(241, 'Set-up data collection systems', 'डेटा संग्रह प्रणाली स्थापित करना', 4, 2, '2025-11-13 10:23:00'),
	(242, 'Add an analytics layer on top of data management software', 'डेटा प्रबंधन सॉफ्टवेयर पर एनालिटिक्स लेयर जोड़ना', 4, 2, '2025-11-13 10:23:00'),
	(243, 'Documentation & conservation campaign', 'दस्तावेजीकरण और संरक्षण अभियान चलाना', 10, 3, '2025-11-13 10:23:00'),
	(244, 'Learner & master support scheme', 'शिक्षार्थी और विशेषज्ञ सहायता योजना', 10, 3, '2025-11-13 10:23:00'),
	(245, 'Collaboration with designers & private brands', 'डिजाइनरों और निजी ब्रांडों के साथ सहयोग', 10, 3, '2025-11-13 10:23:00'),
	(246, 'Incentives for portrayal of culture in Film Tourism Policy', 'फिल्म पर्यटन नीति में संस्कृति को दर्शाने हेतु प्रोत्साहन', 10, 3, '2025-11-13 10:23:00'),
	(247, 'Development of heritage sites & adoption scheme', 'विरासत स्थलों का विकास और गोद लेने की योजना', 10, 3, '2025-11-13 10:23:00'),
	(248, 'Digital library and archiving system', 'डिजिटल पुस्तकालय और अभिलेख प्रणाली', 10, 2, '2025-11-13 10:23:00'),
	(249, 'Digital marketplace and D2C website upgradation', 'डिजिटल मार्केटप्लेस और D2C वेबसाइट का उन्नयन', 10, 2, '2025-11-13 10:23:00'),
	(250, 'Integration of art & culture in school curriculum', 'स्कूल पाठ्यक्रम में कला और संस्कृति का समावेश', 10, 3, '2025-11-13 10:23:00'),
	(251, 'Mega cultural festival in Chhattisgarh', 'छत्तीसगढ़ में मेगा सांस्कृतिक महोत्सव आयोजित करना', 10, 3, '2025-11-13 10:23:00'),
	(252, 'DIY product kits for Chhattisgarhi handicrafts', 'छत्तीसगढ़ी हस्तशिल्पों के लिए DIY उत्पाद किट विकसित करना', 10, 3, '2025-11-13 10:23:00'),
	(253, 'Develop and position IKSV as the premier Music & Arts college of India; Art & Culture colleges development across divisions (Adarsh Colleges)', 'आईकेएसवी को भारत के प्रमुख संगीत और कला कॉलेज के रूप में स्थापित करना; सभी संभागों में कला एवं संस्कृति के आदर्श कॉलेजों का विकास', 10, 3, '2025-11-13 10:23:00'),
	(254, 'Develop State Tribal Museum', 'राज्य जनजातीय संग्रहालय का विकास करना', 10, 1, '2025-11-13 10:23:00'),
	(255, 'Establishing Divisional Cultural Center', 'संभागीय सांस्कृतिक केंद्र स्थापित करना', 10, 1, '2025-11-13 10:23:00'),
	(256, 'Develop Virtual Museum Tours', 'वर्चुअल म्यूजियम टूर विकसित करना', 10, 2, '2025-11-13 10:23:00'),
	(257, 'Expansion of Gadh Kalewas in Metro cities', 'मेट्रो शहरों में गढ़ कलेवा का विस्तार करना', 10, 1, '2025-11-13 10:23:00');

-- Dumping structure for table cg_anjor_vision.initiatives_owner_mapping
CREATE TABLE IF NOT EXISTS `initiatives_owner_mapping` (
  `id` int(11) NOT NULL AUTO_INCREMENT,
  `initiative_id` int(11) NOT NULL,
  `dept_id` int(11) DEFAULT NULL,
  `status` enum('P','S') NOT NULL DEFAULT 'P' COMMENT 'P=''Primary'', S=''Secondary''',
  `created_at` timestamp NOT NULL DEFAULT current_timestamp(),
  PRIMARY KEY (`id`) USING BTREE,
  KEY `initiative_id` (`initiative_id`),
  KEY `dept_id` (`dept_id`),
  CONSTRAINT `initiatives_owner_mapping_ibfk_1` FOREIGN KEY (`initiative_id`) REFERENCES `initiatives` (`initiative_id`),
  CONSTRAINT `initiatives_owner_mapping_ibfk_3` FOREIGN KEY (`dept_id`) REFERENCES `departments_master` (`dept_id`)
) ENGINE=InnoDB AUTO_INCREMENT=644 DEFAULT CHARSET=utf8mb4 COLLATE=utf8mb4_general_ci;

-- Dumping data for table cg_anjor_vision.initiatives_owner_mapping: ~403 rows (approximately)
INSERT INTO `initiatives_owner_mapping` (`id`, `initiative_id`, `dept_id`, `status`, `created_at`) VALUES
	(1, 1, 17, 'P', '2025-11-14 08:22:18'),
	(2, 2, 17, 'P', '2025-11-14 08:22:18'),
	(3, 3, 17, 'P', '2025-11-14 08:22:18'),
	(4, 4, 17, 'P', '2025-11-14 08:22:18'),
	(5, 5, 17, 'P', '2025-11-14 08:22:18'),
	(6, 6, 11, 'P', '2025-11-14 08:22:18'),
	(7, 7, 11, 'P', '2025-11-14 08:22:18'),
	(8, 8, 18, 'P', '2025-11-14 08:22:18'),
	(9, 9, 18, 'P', '2025-11-14 08:22:18'),
	(10, 10, 18, 'P', '2025-11-14 08:22:18'),
	(11, 11, 18, 'P', '2025-11-14 08:22:18'),
	(12, 12, 18, 'P', '2025-11-14 08:22:18'),
	(13, 13, 17, 'P', '2025-11-14 08:22:18'),
	(14, 13, 11, 'P', '2025-11-14 08:22:18'),
	(15, 13, 17, 'P', '2025-11-14 08:22:18'),
	(16, 13, 18, 'P', '2025-11-14 08:22:18'),
	(17, 14, 18, 'P', '2025-11-14 09:26:49'),
	(18, 15, 18, 'P', '2025-11-14 09:26:49'),
	(19, 16, 18, 'P', '2025-11-14 09:26:49'),
	(20, 17, 18, 'P', '2025-11-14 09:26:49'),
	(21, 18, 11, 'P', '2025-11-14 09:26:49'),
	(22, 18, 18, 'P', '2025-11-14 09:26:49'),
	(23, 19, 17, 'P', '2025-11-14 09:26:49'),
	(24, 20, 11, 'P', '2025-11-14 09:26:49'),
	(25, 20, 17, 'P', '2025-11-14 09:26:49'),
	(26, 20, 18, 'P', '2025-11-14 09:26:49'),
	(27, 20, 22, 'P', '2025-11-14 09:26:49'),
	(28, 21, 10, 'P', '2025-11-14 09:33:38'),
	(29, 22, 10, 'P', '2025-11-14 09:33:38'),
	(30, 23, 10, 'P', '2025-11-14 09:33:38'),
	(31, 24, 10, 'P', '2025-11-14 09:33:38'),
	(32, 25, 10, 'P', '2025-11-14 09:33:38'),
	(33, 26, 10, 'P', '2025-11-14 09:33:38'),
	(34, 27, 10, 'P', '2025-11-14 09:33:38'),
	(35, 28, 10, 'P', '2025-11-14 09:33:38'),
	(36, 29, 10, 'P', '2025-11-14 09:33:38'),
	(37, 30, 10, 'P', '2025-11-14 09:33:38'),
	(38, 31, 10, 'P', '2025-11-14 09:33:38'),
	(39, 32, 10, 'P', '2025-11-14 09:33:38'),
	(40, 33, 10, 'P', '2025-11-14 09:33:38'),
	(41, 34, 10, 'P', '2025-11-14 09:33:38'),
	(42, 35, 10, 'P', '2025-11-14 09:33:38'),
	(43, 36, 10, 'P', '2025-11-14 09:33:38'),
	(44, 37, 10, 'P', '2025-11-14 09:33:38'),
	(45, 38, 10, 'P', '2025-11-14 09:33:38'),
	(46, 39, 10, 'P', '2025-11-14 09:33:38'),
	(47, 40, 10, 'P', '2025-11-14 09:33:38'),
	(48, 41, 10, 'P', '2025-11-14 09:33:38'),
	(49, 42, 10, 'P', '2025-11-14 09:33:38'),
	(50, 43, 10, 'P', '2025-11-14 09:33:38'),
	(51, 44, 6, 'P', '2025-11-14 09:33:38'),
	(52, 45, 6, 'P', '2025-11-14 09:33:38'),
	(53, 46, 6, 'P', '2025-11-14 09:33:38'),
	(54, 47, 6, 'P', '2025-11-14 09:33:38'),
	(55, 48, 6, 'P', '2025-11-14 09:33:38'),
	(56, 49, 10, 'P', '2025-11-14 09:33:38'),
	(57, 50, 10, 'P', '2025-11-14 09:33:38'),
	(58, 51, 6, 'P', '2025-11-14 10:13:00'),
	(59, 52, 9, 'P', '2025-11-14 10:13:00'),
	(60, 53, 6, 'P', '2025-11-14 10:13:00'),
	(61, 54, 9, 'P', '2025-11-14 10:13:00'),
	(62, 55, 9, 'P', '2025-11-14 10:13:00'),
	(63, 56, 9, 'P', '2025-11-14 10:13:00'),
	(64, 57, 6, 'P', '2025-11-14 10:13:00'),
	(65, 58, 9, 'P', '2025-11-14 10:13:00'),
	(66, 59, 9, 'P', '2025-11-14 10:13:00'),
	(67, 60, 9, 'P', '2025-11-14 10:13:00'),
	(68, 61, 9, 'P', '2025-11-14 10:13:00'),
	(69, 62, 9, 'P', '2025-11-14 10:13:00'),
	(70, 63, 9, 'P', '2025-11-14 10:13:00'),
	(71, 64, 9, 'P', '2025-11-14 10:13:00'),
	(72, 65, 9, 'P', '2025-11-14 10:13:00'),
	(73, 66, 9, 'P', '2025-11-14 10:13:00'),
	(74, 67, 9, 'P', '2025-11-14 10:13:00'),
	(75, 68, 3, 'P', '2025-11-14 10:17:58'),
	(76, 69, 3, 'P', '2025-11-14 10:17:58'),
	(77, 70, 3, 'P', '2025-11-14 10:17:58'),
	(78, 71, 3, 'P', '2025-11-14 10:17:58'),
	(79, 72, 3, 'P', '2025-11-14 10:17:58'),
	(80, 73, 3, 'P', '2025-11-14 10:17:58'),
	(81, 74, 3, 'P', '2025-11-14 10:17:58'),
	(82, 75, 3, 'P', '2025-11-14 10:17:58'),
	(83, 76, 3, 'P', '2025-11-14 10:17:58'),
	(84, 77, 3, 'P', '2025-11-14 10:17:58'),
	(85, 78, 3, 'P', '2025-11-14 10:17:58'),
	(86, 79, 3, 'P', '2025-11-14 10:17:58'),
	(87, 80, 3, 'P', '2025-11-14 10:17:58'),
	(88, 81, 3, 'P', '2025-11-14 10:17:58'),
	(89, 82, 3, 'P', '2025-11-14 10:17:58'),
	(90, 83, 3, 'P', '2025-11-14 10:17:58'),
	(91, 84, 3, 'P', '2025-11-14 10:17:58'),
	(92, 85, 3, 'P', '2025-11-14 10:17:58'),
	(93, 86, 3, 'P', '2025-11-14 10:17:58'),
	(94, 87, 3, 'P', '2025-11-14 10:17:58'),
	(95, 88, 3, 'P', '2025-11-14 10:17:58'),
	(96, 89, 3, 'P', '2025-11-14 10:17:58'),
	(97, 90, 3, 'P', '2025-11-14 10:17:58'),
	(98, 91, 3, 'P', '2025-11-14 10:17:58'),
	(99, 92, 3, 'P', '2025-11-14 10:17:58'),
	(100, 93, 3, 'P', '2025-11-14 10:17:58'),
	(101, 94, 3, 'P', '2025-11-14 10:17:58'),
	(102, 95, 3, 'P', '2025-11-14 10:17:58'),
	(103, 96, 3, 'P', '2025-11-14 10:17:58'),
	(104, 97, 3, 'P', '2025-11-14 10:17:58'),
	(105, 98, 3, 'P', '2025-11-14 10:17:58'),
	(106, 99, 3, 'P', '2025-11-14 10:17:58'),
	(107, 100, 3, 'P', '2025-11-14 10:17:58'),
	(108, 101, 3, 'P', '2025-11-14 10:17:58'),
	(109, 102, 3, 'P', '2025-11-14 10:52:36'),
	(110, 103, 3, 'P', '2025-11-14 10:52:36'),
	(111, 104, 3, 'P', '2025-11-14 10:52:36'),
	(112, 105, 6, 'P', '2025-11-14 10:52:36'),
	(113, 106, 3, 'P', '2025-11-14 10:52:36'),
	(114, 107, 3, 'P', '2025-11-14 10:52:36'),
	(115, 108, 12, 'P', '2025-11-14 10:52:36'),
	(116, 109, 3, 'P', '2025-11-14 10:52:36'),
	(117, 110, 6, 'P', '2025-11-14 10:52:36'),
	(118, 111, 3, 'P', '2025-11-14 10:52:36'),
	(119, 112, 12, 'P', '2025-11-14 10:52:36'),
	(120, 113, 6, 'P', '2025-11-14 10:52:36'),
	(121, 114, 3, 'P', '2025-11-14 10:52:36'),
	(122, 115, 6, 'P', '2025-11-14 10:52:36'),
	(123, 116, 6, 'P', '2025-11-14 10:52:36'),
	(124, 102, 3, 'P', '2025-11-14 10:54:59'),
	(125, 103, 3, 'P', '2025-11-14 10:54:59'),
	(126, 104, 3, 'P', '2025-11-14 10:54:59'),
	(127, 105, 6, 'P', '2025-11-14 10:54:59'),
	(128, 106, 3, 'P', '2025-11-14 10:54:59'),
	(129, 107, 3, 'P', '2025-11-14 10:54:59'),
	(130, 108, 12, 'P', '2025-11-14 10:54:59'),
	(131, 109, 3, 'P', '2025-11-14 10:54:59'),
	(132, 110, 6, 'P', '2025-11-14 10:54:59'),
	(133, 111, 3, 'P', '2025-11-14 10:54:59'),
	(134, 112, 12, 'P', '2025-11-14 10:54:59'),
	(135, 113, 6, 'P', '2025-11-14 10:54:59'),
	(136, 114, 3, 'P', '2025-11-14 10:54:59'),
	(137, 115, 6, 'P', '2025-11-14 10:54:59'),
	(138, 116, 6, 'P', '2025-11-14 10:54:59'),
	(139, 117, 3, 'P', '2025-11-14 11:17:13'),
	(140, 117, 4, 'S', '2025-11-14 11:17:13'),
	(141, 117, 20, 'S', '2025-11-14 11:17:13'),
	(142, 118, 3, 'P', '2025-11-14 11:17:13'),
	(143, 118, 20, 'S', '2025-11-14 11:17:13'),
	(144, 119, 3, 'P', '2025-11-14 11:17:13'),
	(145, 120, 3, 'P', '2025-11-14 11:17:13'),
	(146, 121, 3, 'P', '2025-11-14 11:17:13'),
	(147, 122, 3, 'P', '2025-11-14 11:17:13'),
	(148, 122, 6, 'S', '2025-11-14 11:17:13'),
	(149, 123, 3, 'P', '2025-11-14 11:17:13'),
	(150, 124, 3, 'P', '2025-11-14 11:17:13'),
	(151, 124, 4, 'S', '2025-11-14 11:17:13'),
	(152, 125, 3, 'P', '2025-11-14 11:17:13'),
	(153, 125, 4, 'S', '2025-11-14 11:17:13'),
	(154, 126, 3, 'P', '2025-11-14 11:17:13'),
	(155, 126, 5, 'S', '2025-11-14 11:17:13'),
	(156, 127, 3, 'P', '2025-11-14 11:17:13'),
	(157, 127, 1, 'S', '2025-11-14 11:17:13'),
	(158, 128, 3, 'P', '2025-11-14 11:17:13'),
	(159, 129, 3, 'P', '2025-11-14 11:17:13'),
	(160, 129, 20, 'S', '2025-11-14 11:17:13'),
	(161, 130, 3, 'P', '2025-11-14 11:17:13'),
	(162, 130, 20, 'S', '2025-11-14 11:17:13'),
	(163, 131, 3, 'P', '2025-11-14 11:17:13'),
	(164, 131, 4, 'S', '2025-11-14 11:17:13'),
	(165, 132, 3, 'P', '2025-11-14 11:17:13'),
	(166, 132, 3, 'S', '2025-11-14 11:17:13'),
	(167, 133, 3, 'P', '2025-11-14 11:17:13'),
	(168, 133, 20, 'S', '2025-11-14 11:17:13'),
	(169, 134, 3, 'P', '2025-11-14 11:17:13'),
	(170, 134, 20, 'S', '2025-11-14 11:17:13'),
	(171, 135, 3, 'P', '2025-11-14 11:17:13'),
	(172, 135, 20, 'S', '2025-11-14 11:17:13'),
	(173, 136, 12, 'P', '2025-11-14 11:21:09'),
	(174, 137, 12, 'P', '2025-11-14 11:21:09'),
	(175, 138, 22, 'P', '2025-11-14 11:21:09'),
	(176, 139, 21, 'P', '2025-11-14 11:21:09'),
	(177, 140, 14, 'P', '2025-11-14 11:21:09'),
	(178, 141, 20, 'P', '2025-11-14 11:21:09'),
	(179, 142, 22, 'P', '2025-11-14 11:21:09'),
	(180, 143, 22, 'P', '2025-11-14 11:21:09'),
	(181, 144, 21, 'P', '2025-11-14 11:21:09'),
	(182, 145, 21, 'P', '2025-11-14 11:21:09'),
	(183, 146, 12, 'P', '2025-11-14 11:21:09'),
	(184, 147, 12, 'P', '2025-11-14 11:21:09'),
	(185, 148, 12, 'P', '2025-11-14 11:21:09'),
	(186, 149, 12, 'P', '2025-11-14 11:21:09'),
	(187, 150, 12, 'P', '2025-11-14 11:21:09'),
	(188, 151, 12, 'P', '2025-11-14 11:21:09'),
	(429, 152, 1, 'P', '2025-11-14 11:31:45'),
	(430, 152, 1, 'S', '2025-11-14 11:31:45'),
	(431, 153, 1, 'P', '2025-11-14 11:31:45'),
	(432, 153, 1, 'S', '2025-11-14 11:31:45'),
	(433, 154, 1, 'P', '2025-11-14 11:31:45'),
	(434, 154, 1, 'S', '2025-11-14 11:31:45'),
	(435, 155, 1, 'P', '2025-11-14 11:31:45'),
	(436, 155, 1, 'S', '2025-11-14 11:31:45'),
	(437, 156, 1, 'P', '2025-11-14 11:31:45'),
	(438, 157, 1, 'P', '2025-11-14 11:31:45'),
	(439, 157, 1, 'S', '2025-11-14 11:31:45'),
	(440, 158, 1, 'P', '2025-11-14 11:31:45'),
	(441, 158, 3, 'S', '2025-11-14 11:31:45'),
	(442, 159, 1, 'P', '2025-11-14 11:31:45'),
	(443, 159, 23, 'S', '2025-11-14 11:31:45'),
	(444, 160, 1, 'P', '2025-11-14 11:31:45'),
	(445, 160, 16, 'S', '2025-11-14 11:31:45'),
	(446, 161, 1, 'P', '2025-11-14 11:31:45'),
	(447, 161, 23, 'S', '2025-11-14 11:31:45'),
	(448, 162, 1, 'P', '2025-11-14 11:31:45'),
	(449, 162, 16, 'S', '2025-11-14 11:31:45'),
	(450, 163, 1, 'P', '2025-11-14 11:31:45'),
	(451, 163, 6, 'S', '2025-11-14 11:31:45'),
	(452, 164, 1, 'P', '2025-11-14 11:31:45'),
	(453, 165, 1, 'P', '2025-11-14 11:31:45'),
	(454, 166, 1, 'P', '2025-11-14 11:31:45'),
	(455, 167, 1, 'P', '2025-11-14 11:31:45'),
	(456, 168, 1, 'P', '2025-11-14 11:31:45'),
	(457, 168, 6, 'S', '2025-11-14 11:31:45'),
	(458, 169, 1, 'P', '2025-11-14 11:31:45'),
	(459, 160, 19, 'S', '2025-11-14 11:31:45'),
	(460, 170, 1, 'P', '2025-11-14 11:31:45'),
	(461, 171, 1, 'P', '2025-11-14 11:31:45'),
	(462, 171, 1, 'S', '2025-11-14 11:31:45'),
	(463, 172, 1, 'P', '2025-11-14 11:31:45'),
	(464, 172, 1, 'S', '2025-11-14 11:31:45'),
	(465, 173, 1, 'P', '2025-11-14 11:31:45'),
	(466, 174, 1, 'P', '2025-11-14 11:31:45'),
	(467, 175, 1, 'P', '2025-11-14 11:31:45'),
	(468, 175, 3, 'S', '2025-11-14 11:31:45'),
	(469, 176, 1, 'P', '2025-11-14 11:31:45'),
	(470, 177, 1, 'P', '2025-11-14 11:31:45'),
	(471, 177, 11, 'S', '2025-11-14 11:31:45'),
	(472, 178, 1, 'P', '2025-11-14 11:31:45'),
	(473, 179, 1, 'P', '2025-11-14 11:31:45'),
	(474, 180, 1, 'P', '2025-11-14 11:31:45'),
	(475, 181, 1, 'P', '2025-11-14 11:31:45'),
	(476, 181, 19, 'S', '2025-11-14 11:31:45'),
	(477, 182, 7, 'P', '2025-11-17 05:31:40'),
	(478, 183, 7, 'P', '2025-11-17 05:31:40'),
	(479, 183, 23, 'S', '2025-11-17 05:31:40'),
	(480, 184, 7, 'P', '2025-11-17 05:31:40'),
	(481, 184, 1, 'S', '2025-11-17 05:31:40'),
	(482, 185, 7, 'P', '2025-11-17 05:31:40'),
	(483, 185, 3, 'S', '2025-11-17 05:31:40'),
	(484, 186, 1, 'P', '2025-11-17 05:31:40'),
	(485, 186, 7, 'S', '2025-11-17 05:31:40'),
	(486, 187, 7, 'P', '2025-11-17 05:31:40'),
	(487, 187, 12, 'S', '2025-11-17 05:31:40'),
	(488, 188, 7, 'P', '2025-11-17 05:31:40'),
	(489, 188, 12, 'S', '2025-11-17 05:31:40'),
	(490, 189, 3, 'P', '2025-11-17 05:31:40'),
	(491, 189, 1, 'S', '2025-11-17 05:31:40'),
	(492, 190, 13, 'P', '2025-11-17 05:31:40'),
	(493, 190, 13, 'S', '2025-11-17 05:31:40'),
	(494, 191, 12, 'P', '2025-11-17 05:31:40'),
	(495, 191, 21, 'S', '2025-11-17 05:31:40'),
	(496, 192, 12, 'P', '2025-11-17 05:31:40'),
	(497, 192, 21, 'S', '2025-11-17 05:31:40'),
	(498, 193, 12, 'P', '2025-11-17 05:31:40'),
	(499, 193, 7, 'S', '2025-11-17 05:31:40'),
	(500, 194, 12, 'P', '2025-11-17 05:31:40'),
	(501, 194, 6, 'S', '2025-11-17 05:31:40'),
	(502, 195, 8, 'P', '2025-11-17 05:31:40'),
	(503, 196, 8, 'P', '2025-11-17 05:31:40'),
	(504, 197, 8, 'P', '2025-11-17 05:31:40'),
	(505, 197, 23, 'S', '2025-11-17 05:31:40'),
	(506, 198, 23, 'P', '2025-11-17 05:31:40'),
	(507, 198, 6, 'S', '2025-11-17 05:31:40'),
	(508, 199, 23, 'P', '2025-11-17 05:31:40'),
	(509, 199, 1, 'S', '2025-11-17 05:31:40'),
	(510, 200, 23, 'P', '2025-11-17 05:31:40'),
	(511, 201, 23, 'P', '2025-11-17 05:31:40'),
	(512, 201, 23, 'S', '2025-11-17 05:31:40'),
	(513, 202, 12, 'P', '2025-11-17 05:31:40'),
	(514, 182, 7, 'P', '2025-11-17 05:31:50'),
	(515, 183, 7, 'P', '2025-11-17 05:31:50'),
	(516, 183, 23, 'S', '2025-11-17 05:31:50'),
	(517, 184, 7, 'P', '2025-11-17 05:31:50'),
	(518, 184, 1, 'S', '2025-11-17 05:31:50'),
	(519, 185, 7, 'P', '2025-11-17 05:31:50'),
	(520, 185, 3, 'S', '2025-11-17 05:31:50'),
	(521, 186, 1, 'P', '2025-11-17 05:31:50'),
	(522, 186, 7, 'S', '2025-11-17 05:31:50'),
	(523, 187, 7, 'P', '2025-11-17 05:31:50'),
	(524, 187, 12, 'S', '2025-11-17 05:31:50'),
	(525, 188, 7, 'P', '2025-11-17 05:31:50'),
	(526, 188, 12, 'S', '2025-11-17 05:31:50'),
	(527, 189, 3, 'P', '2025-11-17 05:31:50'),
	(528, 189, 1, 'S', '2025-11-17 05:31:50'),
	(529, 190, 13, 'P', '2025-11-17 05:31:50'),
	(530, 190, 13, 'S', '2025-11-17 05:31:50'),
	(531, 191, 12, 'P', '2025-11-17 05:31:50'),
	(532, 191, 21, 'S', '2025-11-17 05:31:50'),
	(533, 192, 12, 'P', '2025-11-17 05:31:50'),
	(534, 192, 21, 'S', '2025-11-17 05:31:50'),
	(535, 193, 12, 'P', '2025-11-17 05:31:50'),
	(536, 193, 7, 'S', '2025-11-17 05:31:50'),
	(537, 194, 12, 'P', '2025-11-17 05:31:50'),
	(538, 194, 6, 'S', '2025-11-17 05:31:50'),
	(539, 195, 8, 'P', '2025-11-17 05:31:50'),
	(540, 196, 8, 'P', '2025-11-17 05:31:50'),
	(541, 197, 8, 'P', '2025-11-17 05:31:50'),
	(542, 197, 23, 'S', '2025-11-17 05:31:50'),
	(543, 198, 23, 'P', '2025-11-17 05:31:50'),
	(544, 198, 6, 'S', '2025-11-17 05:31:50'),
	(545, 199, 23, 'P', '2025-11-17 05:31:50'),
	(546, 199, 1, 'S', '2025-11-17 05:31:50'),
	(547, 200, 23, 'P', '2025-11-17 05:31:50'),
	(548, 201, 23, 'P', '2025-11-17 05:31:50'),
	(549, 201, 23, 'S', '2025-11-17 05:31:50'),
	(550, 202, 12, 'P', '2025-11-17 05:31:50'),
	(551, 202, 12, 'S', '2025-11-17 05:31:50'),
	(552, 203, 8, 'P', '2025-11-17 05:54:26'),
	(553, 204, 8, 'P', '2025-11-17 05:54:26'),
	(554, 204, 3, 'S', '2025-11-17 05:54:26'),
	(555, 205, 8, 'P', '2025-11-17 05:54:26'),
	(556, 206, 8, 'P', '2025-11-17 05:54:26'),
	(557, 207, 10, 'P', '2025-11-17 05:54:26'),
	(558, 207, 3, 'S', '2025-11-17 05:54:26'),
	(559, 208, 10, 'P', '2025-11-17 05:54:26'),
	(560, 209, 10, 'P', '2025-11-17 05:54:26'),
	(561, 209, 11, 'S', '2025-11-17 05:54:26'),
	(562, 209, 17, 'S', '2025-11-17 05:54:26'),
	(563, 209, 18, 'S', '2025-11-17 05:54:26'),
	(564, 210, 10, 'P', '2025-11-17 05:54:26'),
	(565, 210, 8, 'S', '2025-11-17 05:54:26'),
	(566, 210, 18, 'S', '2025-11-17 05:54:26'),
	(567, 210, 19, 'S', '2025-11-17 05:54:26'),
	(568, 211, 8, 'P', '2025-11-17 05:54:26'),
	(569, 211, 18, 'S', '2025-11-17 05:54:26'),
	(570, 212, 8, 'P', '2025-11-17 05:54:26'),
	(571, 212, 3, 'S', '2025-11-17 05:54:26'),
	(572, 213, 10, 'P', '2025-11-17 05:54:26'),
	(573, 214, 3, 'P', '2025-11-17 05:54:26'),
	(574, 214, 10, 'S', '2025-11-17 05:54:26'),
	(575, 214, 19, 'S', '2025-11-17 05:54:26'),
	(576, 215, 10, 'P', '2025-11-17 05:54:26'),
	(577, 216, 8, 'P', '2025-11-17 05:54:26'),
	(578, 216, 8, 'S', '2025-11-17 05:54:26'),
	(579, 217, 8, 'P', '2025-11-17 05:54:26'),
	(580, 218, 19, 'P', '2025-11-17 05:54:26'),
	(581, 218, 10, 'S', '2025-11-17 05:54:26'),
	(582, 219, 8, 'P', '2025-11-17 05:54:26'),
	(583, 219, 19, 'S', '2025-11-17 05:54:26'),
	(584, 220, 8, 'P', '2025-11-17 05:54:26'),
	(585, 220, 6, 'S', '2025-11-17 05:54:26'),
	(586, 221, 8, 'P', '2025-11-17 05:54:26'),
	(587, 221, 19, 'S', '2025-11-17 05:54:26'),
	(588, 222, 10, 'P', '2025-11-17 05:54:26'),
	(589, 223, 8, 'P', '2025-11-17 05:54:26'),
	(590, 224, 8, 'P', '2025-11-17 05:54:26'),
	(591, 224, 19, 'S', '2025-11-17 05:54:26'),
	(592, 225, 8, 'P', '2025-11-17 05:54:26'),
	(593, 226, 19, 'P', '2025-11-17 05:54:26'),
	(594, 226, 19, 'S', '2025-11-17 05:54:26'),
	(595, 227, 19, 'P', '2025-11-17 05:54:26'),
	(596, 227, 5, 'S', '2025-11-17 05:54:26'),
	(597, 228, 19, 'P', '2025-11-17 05:54:26'),
	(598, 229, 19, 'P', '2025-11-17 05:54:26'),
	(599, 229, 19, 'S', '2025-11-17 05:54:26'),
	(600, 230, 19, 'P', '2025-11-17 05:54:26'),
	(601, 230, 19, 'S', '2025-11-17 05:54:26'),
	(602, 231, 19, 'P', '2025-11-17 05:54:26'),
	(603, 231, 19, 'S', '2025-11-17 05:54:26'),
	(604, 232, 19, 'P', '2025-11-17 05:54:26'),
	(605, 232, 19, 'S', '2025-11-17 05:54:26'),
	(606, 233, 19, 'P', '2025-11-17 05:54:26'),
	(607, 233, 19, 'S', '2025-11-17 05:54:26'),
	(608, 234, 19, 'P', '2025-11-17 05:54:26'),
	(609, 235, 19, 'P', '2025-11-17 05:54:26'),
	(610, 235, 3, 'S', '2025-11-17 05:54:26'),
	(611, 236, 19, 'P', '2025-11-17 05:54:26'),
	(612, 236, 19, 'S', '2025-11-17 05:54:26'),
	(613, 237, 19, 'P', '2025-11-17 05:54:26'),
	(614, 237, 11, 'S', '2025-11-17 05:54:26'),
	(615, 237, 17, 'S', '2025-11-17 05:54:26'),
	(616, 237, 18, 'S', '2025-11-17 05:54:26'),
	(617, 238, 19, 'P', '2025-11-17 05:54:26'),
	(618, 238, 19, 'S', '2025-11-17 05:54:26'),
	(619, 239, 19, 'P', '2025-11-17 05:54:26'),
	(620, 239, 19, 'S', '2025-11-17 05:54:26'),
	(621, 240, 19, 'P', '2025-11-17 05:54:26'),
	(622, 240, 6, 'S', '2025-11-17 05:54:26'),
	(623, 241, 19, 'P', '2025-11-17 05:54:26'),
	(624, 241, 6, 'S', '2025-11-17 05:54:26'),
	(625, 242, 19, 'P', '2025-11-17 05:54:26'),
	(626, 242, 6, 'S', '2025-11-17 05:54:26'),
	(627, 243, 2, 'P', '2025-11-17 05:54:26'),
	(628, 244, 2, 'P', '2025-11-17 05:54:26'),
	(629, 245, 15, 'P', '2025-11-17 05:54:26'),
	(630, 246, 19, 'P', '2025-11-17 05:54:26'),
	(631, 247, 2, 'P', '2025-11-17 05:54:26'),
	(632, 248, 2, 'P', '2025-11-17 05:54:26'),
	(633, 249, 2, 'P', '2025-11-17 05:54:26'),
	(634, 250, 17, 'P', '2025-11-17 05:54:26'),
	(635, 250, 2, 'S', '2025-11-17 05:54:26'),
	(636, 251, 2, 'P', '2025-11-17 05:54:26'),
	(637, 251, 19, 'S', '2025-11-17 05:54:26'),
	(638, 252, 2, 'P', '2025-11-17 05:54:26'),
	(639, 253, 11, 'P', '2025-11-17 05:54:26'),
	(640, 254, 2, 'P', '2025-11-17 05:54:26'),
	(641, 255, 2, 'P', '2025-11-17 05:54:26'),
	(642, 256, 2, 'P', '2025-11-17 05:54:26'),
	(643, 257, 2, 'P', '2025-11-17 05:54:26');

-- Dumping structure for table cg_anjor_vision.initiatives_terms_mapping
CREATE TABLE IF NOT EXISTS `initiatives_terms_mapping` (
  `id` int(11) NOT NULL AUTO_INCREMENT,
  `initiative_id` int(11) NOT NULL,
  `status` enum('S','M','L') NOT NULL DEFAULT 'S' COMMENT 'S=''Short Term'' , M=''Mid Term'' , L=''Long Term''',
  `created_at` timestamp NOT NULL DEFAULT current_timestamp(),
  PRIMARY KEY (`id`) USING BTREE,
  KEY `initiative_id` (`initiative_id`) USING BTREE,
  CONSTRAINT `initiatives_terms_mapping_ibfk_1` FOREIGN KEY (`initiative_id`) REFERENCES `initiatives` (`initiative_id`)
) ENGINE=InnoDB AUTO_INCREMENT=645 DEFAULT CHARSET=utf8mb4 COLLATE=utf8mb4_general_ci ROW_FORMAT=DYNAMIC;

-- Dumping data for table cg_anjor_vision.initiatives_terms_mapping: ~263 rows (approximately)
INSERT INTO `initiatives_terms_mapping` (`id`, `initiative_id`, `status`, `created_at`) VALUES
	(1, 1, 'M', '2025-11-14 08:22:18'),
	(2, 2, 'S', '2025-11-14 08:22:18'),
	(3, 3, 'M', '2025-11-14 08:22:18'),
	(4, 4, 'S', '2025-11-14 08:22:18'),
	(5, 5, 'S', '2025-11-14 08:22:18'),
	(6, 6, 'M', '2025-11-14 08:22:18'),
	(7, 7, 'S', '2025-11-14 08:22:18'),
	(8, 8, 'S', '2025-11-14 08:22:18'),
	(9, 9, 'S', '2025-11-14 08:22:18'),
	(10, 10, 'S', '2025-11-14 08:22:18'),
	(11, 11, 'M', '2025-11-14 08:22:18'),
	(12, 12, 'S', '2025-11-14 08:22:18'),
	(13, 13, 'S', '2025-11-14 08:22:18'),
	(14, 14, 'L', '2025-11-14 09:26:49'),
	(15, 15, 'S', '2025-11-14 09:26:49'),
	(16, 16, 'S', '2025-11-14 09:26:49'),
	(17, 17, 'S', '2025-11-14 09:26:49'),
	(18, 18, 'M', '2025-11-14 09:26:49'),
	(19, 19, 'S', '2025-11-14 09:26:49'),
	(20, 20, 'M', '2025-11-14 09:26:49'),
	(21, 21, 'S', '2025-11-14 09:33:38'),
	(22, 22, 'S', '2025-11-14 09:33:38'),
	(23, 23, 'S', '2025-11-14 09:33:38'),
	(24, 24, 'S', '2025-11-14 09:33:38'),
	(25, 25, 'S', '2025-11-14 09:33:38'),
	(26, 26, 'M', '2025-11-14 09:33:38'),
	(27, 27, 'S', '2025-11-14 09:33:38'),
	(28, 28, 'S', '2025-11-14 09:33:38'),
	(29, 29, 'S', '2025-11-14 09:33:38'),
	(30, 30, 'L', '2025-11-14 09:33:38'),
	(31, 31, 'M', '2025-11-14 09:33:38'),
	(32, 32, 'S', '2025-11-14 09:33:38'),
	(33, 33, 'S', '2025-11-14 09:33:38'),
	(34, 34, 'L', '2025-11-14 09:33:38'),
	(35, 35, 'M', '2025-11-14 09:33:38'),
	(36, 36, 'M', '2025-11-14 09:33:38'),
	(37, 37, 'S', '2025-11-14 09:33:38'),
	(38, 38, 'S', '2025-11-14 09:33:38'),
	(39, 39, 'S', '2025-11-14 09:33:38'),
	(40, 40, 'S', '2025-11-14 09:33:38'),
	(41, 41, 'S', '2025-11-14 09:33:38'),
	(42, 42, 'M', '2025-11-14 09:33:38'),
	(43, 43, 'M', '2025-11-14 09:33:38'),
	(44, 44, 'S', '2025-11-14 09:33:38'),
	(45, 45, 'L', '2025-11-14 09:33:38'),
	(46, 46, 'L', '2025-11-14 09:33:38'),
	(47, 47, 'S', '2025-11-14 09:33:38'),
	(48, 48, 'S', '2025-11-14 09:33:38'),
	(49, 49, 'M', '2025-11-14 09:33:38'),
	(50, 50, 'M', '2025-11-14 09:33:38'),
	(51, 51, 'S', '2025-11-14 10:13:00'),
	(52, 52, 'M', '2025-11-14 10:13:00'),
	(53, 53, 'S', '2025-11-14 10:13:00'),
	(54, 54, 'S', '2025-11-14 10:13:00'),
	(55, 55, 'S', '2025-11-14 10:13:00'),
	(56, 56, 'S', '2025-11-14 10:13:00'),
	(57, 57, 'S', '2025-11-14 10:13:00'),
	(58, 58, 'S', '2025-11-14 10:13:00'),
	(59, 59, 'M', '2025-11-14 10:13:00'),
	(60, 60, 'S', '2025-11-14 10:13:00'),
	(61, 61, 'S', '2025-11-14 10:13:00'),
	(62, 62, 'S', '2025-11-14 10:13:00'),
	(63, 63, 'S', '2025-11-14 10:13:00'),
	(64, 64, 'S', '2025-11-14 10:13:00'),
	(65, 65, 'M', '2025-11-14 10:13:00'),
	(66, 66, 'S', '2025-11-14 10:13:00'),
	(67, 67, 'M', '2025-11-14 10:13:00'),
	(68, 68, 'S', '2025-11-14 10:17:58'),
	(69, 69, 'S', '2025-11-14 10:17:58'),
	(70, 70, 'M', '2025-11-14 10:17:58'),
	(71, 71, 'M', '2025-11-14 10:17:58'),
	(72, 72, 'M', '2025-11-14 10:17:58'),
	(73, 73, 'L', '2025-11-14 10:17:58'),
	(74, 74, 'L', '2025-11-14 10:17:58'),
	(75, 75, 'S', '2025-11-14 10:17:58'),
	(76, 76, 'S', '2025-11-14 10:17:58'),
	(77, 77, 'S', '2025-11-14 10:17:58'),
	(78, 78, 'S', '2025-11-14 10:17:58'),
	(79, 79, 'S', '2025-11-14 10:17:58'),
	(80, 80, 'S', '2025-11-14 10:17:58'),
	(81, 81, 'S', '2025-11-14 10:17:58'),
	(82, 82, 'S', '2025-11-14 10:17:58'),
	(83, 83, 'S', '2025-11-14 10:17:58'),
	(84, 84, 'S', '2025-11-14 10:17:58'),
	(85, 85, 'S', '2025-11-14 10:17:58'),
	(86, 86, 'M', '2025-11-14 10:17:58'),
	(87, 87, 'M', '2025-11-14 10:17:58'),
	(88, 88, 'M', '2025-11-14 10:17:58'),
	(89, 89, 'M', '2025-11-14 10:17:58'),
	(90, 90, 'M', '2025-11-14 10:17:58'),
	(91, 91, 'M', '2025-11-14 10:17:58'),
	(92, 92, 'M', '2025-11-14 10:17:58'),
	(93, 93, 'M', '2025-11-14 10:17:58'),
	(94, 94, 'M', '2025-11-14 10:17:58'),
	(95, 95, 'M', '2025-11-14 10:17:58'),
	(96, 96, 'M', '2025-11-14 10:17:58'),
	(97, 97, 'L', '2025-11-14 10:17:58'),
	(98, 98, 'L', '2025-11-14 10:17:58'),
	(99, 99, 'L', '2025-11-14 10:17:58'),
	(100, 100, 'L', '2025-11-14 10:17:58'),
	(101, 101, 'L', '2025-11-14 10:17:58'),
	(102, 102, 'S', '2025-11-14 10:52:36'),
	(103, 103, 'S', '2025-11-14 10:52:36'),
	(104, 104, 'S', '2025-11-14 10:52:36'),
	(105, 105, 'S', '2025-11-14 10:52:36'),
	(106, 106, 'S', '2025-11-14 10:52:36'),
	(107, 107, 'S', '2025-11-14 10:52:36'),
	(108, 108, 'S', '2025-11-14 10:52:36'),
	(109, 109, 'S', '2025-11-14 10:52:36'),
	(110, 110, 'S', '2025-11-14 10:52:36'),
	(111, 111, 'S', '2025-11-14 10:52:36'),
	(112, 112, 'M', '2025-11-14 10:52:36'),
	(113, 113, 'M', '2025-11-14 10:52:36'),
	(114, 114, 'M', '2025-11-14 10:52:36'),
	(115, 115, 'S', '2025-11-14 10:52:36'),
	(116, 115, 'M', '2025-11-17 06:37:06'),
	(117, 116, 'L', '2025-11-14 10:54:59'),
	(118, 117, 'S', '2025-11-14 11:17:13'),
	(119, 117, 'S', '2025-11-14 11:17:13'),
	(120, 118, 'S', '2025-11-14 11:17:13'),
	(121, 119, 'S', '2025-11-14 11:17:13'),
	(122, 120, 'S', '2025-11-14 11:17:13'),
	(123, 121, 'S', '2025-11-14 11:17:13'),
	(124, 122, 'S', '2025-11-14 11:17:13'),
	(125, 123, 'S', '2025-11-14 11:17:13'),
	(126, 124, 'S', '2025-11-14 11:17:13'),
	(127, 125, 'M', '2025-11-14 11:17:13'),
	(128, 126, 'M', '2025-11-14 11:17:13'),
	(129, 127, 'M', '2025-11-14 11:17:13'),
	(130, 128, 'M', '2025-11-14 11:17:13'),
	(131, 129, 'M', '2025-11-14 11:17:13'),
	(132, 130, 'M', '2025-11-14 11:17:13'),
	(133, 131, 'L', '2025-11-14 11:17:13'),
	(134, 132, 'L', '2025-11-14 11:17:13'),
	(135, 133, 'L', '2025-11-14 11:17:13'),
	(136, 134, 'L', '2025-11-14 11:17:13'),
	(137, 135, 'L', '2025-11-14 11:17:13'),
	(138, 136, 'S', '2025-11-14 11:21:09'),
	(139, 137, 'S', '2025-11-14 11:21:09'),
	(140, 138, 'S', '2025-11-14 11:21:09'),
	(141, 139, 'S', '2025-11-14 11:21:09'),
	(142, 140, 'S', '2025-11-14 11:21:09'),
	(143, 141, 'S', '2025-11-14 11:21:09'),
	(144, 142, 'S', '2025-11-14 11:21:09'),
	(145, 143, 'S', '2025-11-14 11:21:09'),
	(146, 144, 'M', '2025-11-14 11:21:09'),
	(147, 145, 'M', '2025-11-14 11:21:09'),
	(148, 146, 'M', '2025-11-14 11:21:09'),
	(149, 147, 'M', '2025-11-14 11:21:09'),
	(150, 148, 'M', '2025-11-14 11:21:09'),
	(151, 149, 'L', '2025-11-14 11:21:09'),
	(152, 150, 'L', '2025-11-14 11:21:09'),
	(153, 151, 'L', '2025-11-14 11:21:09'),
	(154, 152, 'S', '2025-11-14 11:31:45'),
	(155, 153, 'S', '2025-11-14 11:31:45'),
	(156, 154, 'S', '2025-11-14 11:31:45'),
	(157, 155, 'M', '2025-11-14 11:31:45'),
	(158, 156, 'M', '2025-11-14 11:31:45'),
	(159, 157, 'L', '2025-11-14 11:31:45'),
	(160, 158, 'L', '2025-11-14 11:31:45'),
	(161, 159, 'S', '2025-11-14 11:31:45'),
	(162, 160, 'S', '2025-11-14 11:31:45'),
	(163, 161, 'S', '2025-11-14 11:31:45'),
	(164, 162, 'S', '2025-11-14 11:31:45'),
	(165, 163, 'M', '2025-11-14 11:31:45'),
	(166, 164, 'S', '2025-11-14 11:31:45'),
	(167, 165, 'S', '2025-11-14 11:31:45'),
	(168, 166, 'M', '2025-11-14 11:31:45'),
	(169, 167, 'M', '2025-11-14 11:31:45'),
	(170, 168, 'L', '2025-11-14 11:31:45'),
	(171, 169, 'S', '2025-11-14 11:31:45'),
	(172, 170, 'S', '2025-11-14 11:31:45'),
	(173, 171, 'S', '2025-11-14 11:31:45'),
	(174, 172, 'S', '2025-11-14 11:31:45'),
	(175, 173, 'S', '2025-11-14 11:31:45'),
	(176, 174, 'M', '2025-11-14 11:31:45'),
	(177, 175, 'L', '2025-11-14 11:31:45'),
	(178, 176, 'S', '2025-11-14 11:31:45'),
	(179, 177, 'M', '2025-11-14 11:31:45'),
	(180, 178, 'M', '2025-11-14 11:31:45'),
	(181, 179, 'S', '2025-11-14 11:31:45'),
	(182, 180, 'M', '2025-11-14 11:31:45'),
	(183, 181, 'L', '2025-11-14 11:31:45'),
	(184, 182, 'S', '2025-11-17 05:31:40'),
	(185, 183, 'S', '2025-11-17 05:31:40'),
	(186, 184, 'S', '2025-11-17 05:31:40'),
	(187, 185, 'S', '2025-11-17 05:31:40'),
	(188, 186, 'S', '2025-11-17 05:31:40'),
	(189, 187, 'S', '2025-11-17 05:31:40'),
	(190, 188, 'M', '2025-11-17 05:31:40'),
	(191, 189, 'S', '2025-11-17 05:31:40'),
	(192, 190, 'S', '2025-11-17 05:31:40'),
	(193, 191, 'M', '2025-11-17 05:31:40'),
	(194, 192, 'S', '2025-11-17 05:31:40'),
	(195, 193, 'M', '2025-11-17 05:31:40'),
	(196, 194, 'S', '2025-11-17 05:31:40'),
	(197, 194, 'L', '2025-11-17 05:31:40'),
	(198, 195, 'S', '2025-11-17 05:31:40'),
	(199, 196, 'S', '2025-11-17 05:31:40'),
	(200, 197, 'S', '2025-11-17 05:31:40'),
	(201, 198, 'S', '2025-11-17 05:31:40'),
	(202, 199, 'S', '2025-11-17 05:31:40'),
	(203, 200, 'S', '2025-11-17 05:31:40'),
	(204, 201, 'S', '2025-11-17 05:31:40'),
	(205, 202, 'S', '2025-11-17 05:31:40'),
	(206, 202, 'L', '2025-11-17 05:54:26'),
	(207, 203, 'S', '2025-11-17 05:54:26'),
	(208, 204, 'S', '2025-11-17 05:54:26'),
	(209, 205, 'S', '2025-11-17 05:54:26'),
	(210, 206, 'S', '2025-11-17 05:54:26'),
	(211, 207, 'S', '2025-11-17 05:54:26'),
	(212, 208, 'S', '2025-11-17 05:54:26'),
	(213, 209, 'S', '2025-11-17 05:54:26'),
	(214, 210, 'S', '2025-11-17 05:54:26'),
	(215, 211, 'S', '2025-11-17 05:54:26'),
	(216, 212, 'S', '2025-11-17 05:54:26'),
	(217, 213, 'S', '2025-11-17 05:54:26'),
	(218, 214, 'S', '2025-11-17 05:54:26'),
	(219, 215, 'S', '2025-11-17 05:54:26'),
	(220, 216, 'S', '2025-11-17 05:54:26'),
	(221, 217, 'S', '2025-11-17 05:54:26'),
	(222, 218, 'M', '2025-11-17 05:54:26'),
	(223, 219, 'M', '2025-11-17 05:54:26'),
	(224, 220, 'M', '2025-11-17 05:54:26'),
	(225, 220, 'M', '2025-11-17 05:54:26'),
	(226, 221, 'M', '2025-11-17 05:54:26'),
	(227, 221, 'M', '2025-11-17 05:54:26'),
	(228, 222, 'M', '2025-11-17 05:54:26'),
	(229, 223, 'M', '2025-11-17 05:54:26'),
	(230, 224, 'M', '2025-11-17 05:54:26'),
	(231, 225, 'L', '2025-11-17 05:54:26'),
	(232, 226, 'S', '2025-11-17 05:54:26'),
	(233, 227, 'S', '2025-11-17 05:54:26'),
	(234, 228, 'S', '2025-11-17 05:54:26'),
	(235, 229, 'S', '2025-11-17 05:54:26'),
	(236, 230, 'M', '2025-11-17 05:54:26'),
	(237, 231, 'L', '2025-11-17 05:54:26'),
	(238, 232, 'S', '2025-11-17 05:54:26'),
	(239, 233, 'S', '2025-11-17 05:54:26'),
	(240, 234, 'S', '2025-11-17 05:54:26'),
	(241, 235, 'M', '2025-11-17 05:54:26'),
	(242, 236, 'M', '2025-11-17 05:54:26'),
	(243, 237, 'S', '2025-11-17 05:54:26'),
	(244, 238, 'S', '2025-11-17 05:54:26'),
	(245, 239, 'S', '2025-11-17 05:54:26'),
	(246, 240, 'S', '2025-11-17 05:54:26'),
	(247, 241, 'S', '2025-11-17 05:54:26'),
	(248, 242, 'S', '2025-11-17 05:54:26'),
	(249, 243, 'S', '2025-11-17 05:54:26'),
	(250, 244, 'S', '2025-11-17 05:54:26'),
	(251, 245, 'S', '2025-11-17 05:54:26'),
	(252, 246, 'S', '2025-11-17 05:54:26'),
	(253, 247, 'S', '2025-11-17 05:54:26'),
	(254, 248, 'S', '2025-11-17 05:54:26'),
	(255, 249, 'M', '2025-11-17 05:54:26'),
	(256, 250, 'M', '2025-11-17 05:54:26'),
	(257, 251, 'M', '2025-11-17 05:54:26'),
	(258, 252, 'M', '2025-11-17 05:54:26'),
	(259, 253, 'M', '2025-11-17 05:54:26'),
	(260, 254, 'M', '2025-11-17 05:54:26'),
	(261, 255, 'S', '2025-11-17 05:54:26'),
	(262, 256, 'S', '2025-11-17 05:54:26'),
	(263, 257, 'S', '2025-11-17 05:54:26');

-- Dumping structure for table cg_anjor_vision.initiatives_type_master
CREATE TABLE IF NOT EXISTS `initiatives_type_master` (
  `type_id` int(11) NOT NULL AUTO_INCREMENT,
  `type_name` varchar(100) NOT NULL,
  `type_description` text DEFAULT NULL,
  PRIMARY KEY (`type_id`),
  UNIQUE KEY `type_name` (`type_name`)
) ENGINE=InnoDB AUTO_INCREMENT=6 DEFAULT CHARSET=utf8mb4 COLLATE=utf8mb4_general_ci;

-- Dumping data for table cg_anjor_vision.initiatives_type_master: ~5 rows (approximately)
INSERT INTO `initiatives_type_master` (`type_id`, `type_name`, `type_description`) VALUES
	(1, 'Physical Infra', 'Physical Infra'),
	(2, 'Digital', 'Digital'),
	(3, 'Policy / Program', 'Policy / Program'),
	(4, 'Institution', 'Institution'),
	(5, 'Process', 'Process');

-- Dumping structure for table cg_anjor_vision.initiative_department_details
CREATE TABLE IF NOT EXISTS `initiative_department_details` (
  `dept_id` int(11) DEFAULT NULL,
  `dept_name` varchar(255) CHARACTER SET utf8mb4 COLLATE utf8mb4_general_ci,
  `initiative_id` int(11) NOT NULL,
  `initiative_title` varchar(255) CHARACTER SET utf8mb4 COLLATE utf8mb4_general_ci,
  `theme_id` int(11) DEFAULT NULL
) ENGINE=InnoDB DEFAULT CHARSET=utf8mb4 COLLATE=utf8mb4_unicode_ci;

-- Dumping data for table cg_anjor_vision.initiative_department_details: ~403 rows (approximately)
INSERT INTO `initiative_department_details` (`dept_id`, `dept_name`, `initiative_id`, `initiative_title`, `theme_id`) VALUES
	(17, 'School Education', 1, 'Setup 10 Model International Schools, School Complexes / Clusters (where feasible)', 7),
	(17, 'School Education', 2, 'Setup state-level ECCE committee', 7),
	(17, 'School Education', 3, 'Setup Science City in Nava Raipur', 7),
	(17, 'School Education', 4, 'FLN improvement: Launch a Digital App for AI-assisted lesson planning, personalized attention, etc.', 7),
	(17, 'School Education', 5, 'Initiate Blended Learning Models from Class VI onwards with mix of vocational and theoretical courses', 7),
	(11, 'Higher Education', 6, 'Setup 36 Adarsh Institutes (1 in each division, incl. domain-specific institutes like Arts & Craft Uni.)', 7),
	(11, 'Higher Education', 7, 'Setup State Higher Education Mission for higher education quality standards', 7),
	(18, 'Technical Education and Skill Development', 8, 'Entrepreneurship: Create Startup Policy and Launch State-Level Startup Challenge / Conclave', 7),
	(18, 'Technical Education and Skill Development', 9, 'Quality: Ensure 100% accreditation from NBA and NAAC for all technical institutes', 7),
	(18, 'Technical Education and Skill Development', 10, 'Infrastructure: Setup 11 Chhattisgarh Institutes of Technology (CGITs) (at-par with NITs)', 7),
	(18, 'Technical Education and Skill Development', 11, 'Research & Development: Establish Innovation Hubs in all institutes and Industry-sponsored labs', 7),
	(18, 'Technical Education and Skill Development', 12, 'Techfests: Have all Technical Institutes organizing national-level techfests with global participants', 7),
	(17, 'School Education', 13, 'NEP: Implement all provisions of NEP 2020', 7),
	(11, 'Higher Education', 13, 'NEP: Implement all provisions of NEP 2020', 7),
	(17, 'School Education', 13, 'NEP: Implement all provisions of NEP 2020', 7),
	(18, 'Technical Education and Skill Development', 13, 'NEP: Implement all provisions of NEP 2020', 7),
	(18, 'Technical Education and Skill Development', 14, 'Setup a Global Skills University', 7),
	(18, 'Technical Education and Skill Development', 15, 'Setup Knowledge Society of Chhattisgarh for annual skilling review, skilling policy, curriculum refresh', 7),
	(18, 'Technical Education and Skill Development', 16, 'Setup Industry-led Rural Skilling Labs (including mobile labs)', 7),
	(18, 'Technical Education and Skill Development', 17, 'Ensure 100% accreditation from NCVT for all ITIs', 7),
	(11, 'Higher Education', 18, 'Reimagine governance of higher, technical & skilling bodies (Potential to consider setup of unified Department with separate directorates / verticals)', 7),
	(18, 'Technical Education and Skill Development', 18, 'Reimagine governance of higher, technical & skilling bodies (Potential to consider setup of unified Department with separate directorates / verticals)', 7),
	(17, 'School Education', 19, 'Implement first-language based curriculum & setup high quality hostels for teachers & students', 7),
	(11, 'Higher Education', 20, 'Establish Nava Raipur as an Education City', 7),
	(17, 'School Education', 20, 'Establish Nava Raipur as an Education City', 7),
	(18, 'Technical Education and Skill Development', 20, 'Establish Nava Raipur as an Education City', 7),
	(22, 'Urban Administration & Panchayat & Rural Development', 20, 'Establish Nava Raipur as an Education City', 7),
	(10, 'Health and Family Welfare', 21, 'Setup Aarogya Chhattisgarh as a Population-based Health Management Program', 8),
	(10, 'Health and Family Welfare', 22, 'Setup State-Wide Nutrition Mission', 8),
	(10, 'Health and Family Welfare', 23, 'Develop Healthcare Workforce Policy for compensating shortages via multiple routes', 8),
	(10, 'Health and Family Welfare', 24, 'Setup 5 Medi-Cities (1 in each division)', 8),
	(10, 'Health and Family Welfare', 25, 'Setup 5 state-of-the-art Skill Labs (1 in each division) – integrated with a Learning Management SYSTEM', 8),
	(10, 'Health and Family Welfare', 26, 'Create a Public-facing Quality Ranking System for state medical education institutes', 8),
	(10, 'Health and Family Welfare', 27, 'Ensure 100% ABDM-enablement of state healthcare facilities & population', 8),
	(10, 'Health and Family Welfare', 28, 'Make digital systems workflow-based with higher value for FLWs', 8),
	(10, 'Health and Family Welfare', 29, 'Strengthen existing systems to handle large-scale digitization of healthcare', 8),
	(10, 'Health and Family Welfare', 30, 'Setup Health AI Lab in AIIMS Raipur, in partnership with private sector', 8),
	(10, 'Health and Family Welfare', 31, 'Launch Aajeevani App for mobile & text-based awareness on high-priority topics', 8),
	(10, 'Health and Family Welfare', 32, 'Conduct district-level surveys for collecting granular data on district-wise indicators', 8),
	(10, 'Health and Family Welfare', 33, 'Create public-facing digital scorecards for districts, facilities as well as care workers', 8),
	(10, 'Health and Family Welfare', 34, 'Setup a Digital Control Tower to provide one-stop view of real-time healthcare metrics', 8),
	(10, 'Health and Family Welfare', 35, 'Align fiscal allocations with performance', 8),
	(10, 'Health and Family Welfare', 36, 'Augment outreach efforts towards MDBs / DFIs to raise soft loans & setup dedicated health funds', 8),
	(10, 'Health and Family Welfare', 37, 'Create an attractive PPP policy for healthcare infra, including incentives for targeted CSR-spends', 8),
	(10, 'Health and Family Welfare', 38, 'Ensure 100% healthcare insurance for each household, with enhanced cover of INR 10 Lakh per person', 8),
	(10, 'Health and Family Welfare', 39, 'Enhance network of Jan Aushadhi Kendras to provide affordable drugs', 8),
	(10, 'Health and Family Welfare', 40, 'Increase capacity of SCs, PHCs, CHCs in rural areas to bridge the shortfall', 8),
	(10, 'Health and Family Welfare', 41, 'Have atleast 5 high-tech, fully stocked and well-equipped CHCs in each district', 8),
	(10, 'Health and Family Welfare', 42, 'Have atleast 1 world-class tertiary care hospital in each district', 8),
	(10, 'Health and Family Welfare', 43, 'Setup atleast 1 Varishtha Jeevansathi Kendra in each district', 8),
	(6, 'Electronics & IT', 44, 'Develop necessary transport infrastructure for better connectivity to underserved regions', 8),
	(6, 'Electronics & IT', 45, 'Setup 3 Healthcare SEZs – Pharmaceutical SEZ, Medical Equipment SEZ, Healthcare IT SEZ', 8),
	(6, 'Electronics & IT', 46, 'Develop guidelines for a Green Corridor system', 8),
	(6, 'Electronics & IT', 47, 'Augment R&D labs with state-of-the-art infrastructure', 8),
	(6, 'Electronics & IT', 48, 'Establish a Centre for Epidemiological Research', 8),
	(10, 'Health and Family Welfare', 49, 'Provide research-linked incentives for commercialization-oriented research in new-age technologies', 8),
	(10, 'Health and Family Welfare', 50, 'Setup a State Clinical Standards Unit for designing value-based KPIs and clinical protocols', 8),
	(6, 'Electronics & IT', 51, 'Jan Sewa Portal (e-District 2.0): One-stop portal for all citizen services, with Lok Seva Guarantees linked to service delivery metrics', 12),
	(9, 'Good Governance', 52, '1 Family, 1 Identifier to track beneficiaries & disseminate household services', 12),
	(6, 'Electronics & IT', 53, 'Sugam Vyapar Portal: Single Window System 3.0 for businesses, with enhanced service coverage & quality', 12),
	(9, 'Good Governance', 54, 'Digital & Data Backbone: Building robust IT architecture including data lakes, capturing data bottom-up, etc. with strategic partners like MSPs', 12),
	(9, 'Good Governance', 55, 'Digi Sewa Portal: Single portal for empanelment of vendors, experts, etc.', 12),
	(9, 'Good Governance', 56, 'E-Governance Dashboard: For monitoring key performance indicators including focus on back-end', 12),
	(6, 'Electronics & IT', 57, 'Govt. Process Re-engineering: Annual review of department-level processes for a streamlined and simplified experience', 12),
	(9, 'Good Governance', 58, 'Paperless Governance: Adoption of e-office across departments with inter-operability across platforms', 12),
	(9, 'Good Governance', 59, 'HR reforms: Outcome-oriented performance management, optimal mix of private & govt. talent', 12),
	(9, 'Good Governance', 60, 'IT-Specialist Cadre: Digital & Data Officers in each department', 12),
	(9, 'Good Governance', 61, 'Structured Capability Building: Structured training programs basis capability gaps & new-age skills', 12),
	(9, 'Good Governance', 62, 'Project orientation & implementation focus: Defined timelines, SPVs, missions, floating cross-functional resources, etc.', 12),
	(9, 'Good Governance', 63, 'Convergent governance via inter-departmental committees, review cadences / retreats etc. on key topics', 12),
	(9, 'Good Governance', 64, 'Connected Chhattisgarh: Last-mile connectivity to all regions with 100% high-speed broadband penetration', 12),
	(9, 'Good Governance', 65, 'Self-reliant Local Bodies: Better sharing of resources (financial & manpower) with focus on financial self-sustenance', 12),
	(9, 'Good Governance', 66, 'Jan Bhagidari: Regular citizen engagement for crowdsourcing ideas, citizen feedback, etc.', 12),
	(9, 'Good Governance', 67, 'Quality ratings based on citizen feedback for all government services', 12),
	(3, 'Commerce & Industry', 68, 'Identify priority sectors & create competitive policies – offering better RoI for investors than competing states', 13),
	(3, 'Commerce & Industry', 69, 'Setup Invest Chhattisgarh - CG\'s Investment Promotion & Facilitation Body with best-in-class organization structure', 13),
	(3, 'Commerce & Industry', 70, 'Organize regional events / roadshows & a Global Investors Summit – inviting local, national and global industrialists & other dignitaries', 13),
	(3, 'Commerce & Industry', 71, 'Setup a Lead Conversion Unit for handholding high-potential investors and for on-ground conversion', 13),
	(3, 'Commerce & Industry', 72, 'Setup 3 Trade Expo Properties for promoting state\'s top products (e.g., Annual Mango Exhibition in Jashpur Expo Centre)', 13),
	(3, 'Commerce & Industry', 73, 'Setup regional offices in Delhi, Mumbai, Bengaluru & other major cities for continuous touchpoints with potential investors', 13),
	(3, 'Commerce & Industry', 74, 'Setup an Investment CoE for tracking innovative mechanisms being followed by nations to attract investments', 13),
	(3, 'Commerce & Industry', 75, '15+ Plug-and-play industrial parks within a robust ecosystem integrating housing, logistics etc.', 3),
	(3, 'Commerce & Industry', 76, 'Sector-specific policies in the new industrial policy & creation of a warehousing policy', 3),
	(3, 'Commerce & Industry', 77, 'Expanding microfinance schemes for SMEs and start-ups, fostering collaboration between fintech and incubation hubs', 3),
	(3, 'Commerce & Industry', 78, 'Implementing 6-month hands-on apprenticeship programs in top industrial firms, led by industry bodies', 3),
	(3, 'Commerce & Industry', 79, 'Steel coordination authority to streamline regulatory approvals with a 90-day clearance window', 3),
	(3, 'Commerce & Industry', 80, 'Robust PPP framework focused on private sector investment for industrial parks', 3),
	(3, 'Commerce & Industry', 81, 'Streamlining processes & approvals through a comprehensive single-window system', 3),
	(3, 'Commerce & Industry', 82, 'Targeted training for sectors like textiles, pharma, steel etc, in ITIs and vocational training centers', 3),
	(3, 'Commerce & Industry', 83, 'Conducting roadshows & summits to attract players across sunrise sectors to Chhattisgarh (via Invest CG)', 3),
	(3, 'Commerce & Industry', 84, 'Chhattisgarh Startup Policy to allow flexible academic breaks for students who want to pursue startups', 3),
	(3, 'Commerce & Industry', 85, 'Setting up Chhattisgarh Startup Mission (CSM) to promote startups in the state', 3),
	(3, 'Commerce & Industry', 86, 'Establishing dedicated hubs & training programs for certifications & compliances', 3),
	(3, 'Commerce & Industry', 87, 'Industrial development act to empower CSIDC for land acquisition, infrastructure development etc.', 3),
	(3, 'Commerce & Industry', 88, 'Development of a quality framework and quality control mechanisms to ensure quality products', 3),
	(3, 'Commerce & Industry', 89, 'Creation of a user-friendly mechanism to address commercial and industrial disputes', 3),
	(3, 'Commerce & Industry', 90, 'Building efficient storage, transportation, & utility infrastructure across all industrial parks and clusters', 3),
	(3, 'Commerce & Industry', 91, 'Development of advanced logistics hubs and MMLPs to integrate road and rail connectivity', 3),
	(3, 'Commerce & Industry', 92, 'Establish advanced tech training centers & polytechnics near mines and industrial zones', 3),
	(3, 'Commerce & Industry', 93, 'Enhancing Renewable Energy Integration through grid modernization and pumped-hydro projects', 3),
	(3, 'Commerce & Industry', 94, 'Providing subsidies for greening in steel sector (improving material & energy efficiency, CCUS etc.)', 3),
	(3, 'Commerce & Industry', 95, 'Assisting manufacturers in participating in international trade fairs & securing international buyers', 3),
	(3, 'Commerce & Industry', 96, 'CoE and mission for Rare Earth Metals focusing on geotagging, creation of a jewellery zone etc.', 3),
	(3, 'Commerce & Industry', 97, 'Developing new financial instruments like green bonds and sustainability-linked loans', 3),
	(3, 'Commerce & Industry', 98, 'Sector-specific incubation centers, developing Chhattisgarh into a world-class R&D hub & Design CoE', 3),
	(3, 'Commerce & Industry', 99, 'Developing decarbonization roadmaps for key sectors like metals, agriculture, and cement', 3),
	(3, 'Commerce & Industry', 100, 'Incentivizing & formalizing waste and scrap recycling to promote sustainability', 3),
	(3, 'Commerce & Industry', 101, 'Integrating Industry 4.0 technologies across industrial clusters to drive digital transformation', 3),
	(3, 'Commerce & Industry', 102, 'Development of IT ecosystem (3 IT parks (1 by 2025, 3 by 2027), BPOs in 11 & data centers in 2 districts)', 6),
	(3, 'Commerce & Industry', 103, 'Providing guaranteed access to affordable land and reliable power & internet, linked to creation of jobs', 6),
	(3, 'Commerce & Industry', 104, 'Targeted IT policy with customized incentives: Tax holidays, streamlined cybercrime regulations', 6),
	(6, 'Electronics & IT', 105, 'Partnerships with anchor companies for infrastructure development & setting up GCCs', 6),
	(3, 'Commerce & Industry', 106, 'Dedicated Rural BPO Policy, capital subsidies and incentives for hiring of women & differently-abled', 6),
	(3, 'Commerce & Industry', 107, 'Upskilling the rural workforce in essential digital tools, government schemes, and fluency in Hindi', 6),
	(12, 'Housing & Environment', 108, 'Prioritizing completion of public transport, water, electricity, and high-speed internet in Naya Raipur', 6),
	(3, 'Commerce & Industry', 109, 'Rolling out a targeted marketing campaign showcasing Naya Raipur’s competitive advantages', 6),
	(6, 'Electronics & IT', 110, 'Creating and supporting private and public incubators/accelerators to foster innovation and upskilling', 6),
	(3, 'Commerce & Industry', 111, 'Invest CG to host national and international roadshows', 6),
	(12, 'Housing & Environment', 112, 'Development of robust social infrastructure, including housing & good schools to attract & retain talent', 6),
	(6, 'Electronics & IT', 113, 'State departments to allocate 5% of their budget towards improving IT infrastructure', 6),
	(3, 'Commerce & Industry', 114, 'Establish a dedicated task force to oversee implementation of the 90-day clearance rule in Naya Raipur', 6),
	(6, 'Electronics & IT', 115, 'Inviting hyperscale data center operators (Amazon Web Services, Google Cloud) to set up data centers', 6),
	(6, 'Electronics & IT', 116, 'Implementing advanced disaster recovery solutions, including multi-zone redundancy & data encryption', 6),
	(3, 'Commerce & Industry', 102, 'Development of IT ecosystem (3 IT parks (1 by 2025, 3 by 2027), BPOs in 11 & data centers in 2 districts)', 6),
	(3, 'Commerce & Industry', 103, 'Providing guaranteed access to affordable land and reliable power & internet, linked to creation of jobs', 6),
	(3, 'Commerce & Industry', 104, 'Targeted IT policy with customized incentives: Tax holidays, streamlined cybercrime regulations', 6),
	(6, 'Electronics & IT', 105, 'Partnerships with anchor companies for infrastructure development & setting up GCCs', 6),
	(3, 'Commerce & Industry', 106, 'Dedicated Rural BPO Policy, capital subsidies and incentives for hiring of women & differently-abled', 6),
	(3, 'Commerce & Industry', 107, 'Upskilling the rural workforce in essential digital tools, government schemes, and fluency in Hindi', 6),
	(12, 'Housing & Environment', 108, 'Prioritizing completion of public transport, water, electricity, and high-speed internet in Naya Raipur', 6),
	(3, 'Commerce & Industry', 109, 'Rolling out a targeted marketing campaign showcasing Naya Raipur’s competitive advantages', 6),
	(6, 'Electronics & IT', 110, 'Creating and supporting private and public incubators/accelerators to foster innovation and upskilling', 6),
	(3, 'Commerce & Industry', 111, 'Invest CG to host national and international roadshows', 6),
	(12, 'Housing & Environment', 112, 'Development of robust social infrastructure, including housing & good schools to attract & retain talent', 6),
	(6, 'Electronics & IT', 113, 'State departments to allocate 5% of their budget towards improving IT infrastructure', 6),
	(3, 'Commerce & Industry', 114, 'Establish a dedicated task force to oversee implementation of the 90-day clearance rule in Naya Raipur', 6),
	(6, 'Electronics & IT', 115, 'Inviting hyperscale data center operators (Amazon Web Services, Google Cloud) to set up data centers', 6),
	(6, 'Electronics & IT', 116, 'Implementing advanced disaster recovery solutions, including multi-zone redundancy & data encryption', 6),
	(3, 'Commerce & Industry', 117, 'Expediting construction of 6-lane Nagpur-Raipur-Vizag corridor & Raipur-Dhanbad greenfield road', 5),
	(4, 'PWD', 117, 'Expediting construction of 6-lane Nagpur-Raipur-Vizag corridor & Raipur-Dhanbad greenfield road', 5),
	(20, 'Transport', 117, 'Expediting construction of 6-lane Nagpur-Raipur-Vizag corridor & Raipur-Dhanbad greenfield road', 5),
	(3, 'Commerce & Industry', 118, 'Enhance connectivity of rail through development of the Katgora-Dongargarh railway line', 5),
	(20, 'Transport', 118, 'Enhance connectivity of rail through development of the Katgora-Dongargarh railway line', 5),
	(3, 'Commerce & Industry', 119, 'Develop 4 Multi-modal logistics parks, warehousing & logistics hubs on the Raipur-Durg corridor', 5),
	(3, 'Commerce & Industry', 120, 'Install EV charging stations & incentivize adoption of EVs through purchase & parking subsidies', 5),
	(3, 'Commerce & Industry', 121, 'Develop large-scale vehicle scrapping and recycling facilities, aligning with national scrappage policies', 5),
	(3, 'Commerce & Industry', 122, 'Collaborate with startups to expedite implementation of smart mobility & logistics e-marketplace', 5),
	(6, 'Electronics & IT', 122, 'Collaborate with startups to expedite implementation of smart mobility & logistics e-marketplace', 5),
	(3, 'Commerce & Industry', 123, 'Logistics policy with enhanced fiscal incentives, tax exemptions, and supportive framework for PPP', 5),
	(3, 'Commerce & Industry', 124, 'Expediting development of Bilaspur-Pathrapali corridor', 5),
	(4, 'PWD', 124, 'Expediting development of Bilaspur-Pathrapali corridor', 5),
	(3, 'Commerce & Industry', 125, 'Increasing connectivity to Paradip port through Sambalpur & Cuttack', 5),
	(4, 'PWD', 125, 'Increasing connectivity to Paradip port through Sambalpur & Cuttack', 5),
	(3, 'Commerce & Industry', 126, 'Enhancing Raipur airport to handle cargo & upgrading category licenses of other airports', 5),
	(5, 'Aviation', 126, 'Enhancing Raipur airport to handle cargo & upgrading category licenses of other airports', 5),
	(3, 'Commerce & Industry', 127, 'Establishing low-cost cold storage & warehouse units in Bastar, Surguja, Jashpur & Raigarh', 5),
	(1, 'Agriculture', 127, 'Establishing low-cost cold storage & warehouse units in Bastar, Surguja, Jashpur & Raigarh', 5),
	(3, 'Commerce & Industry', 128, 'Upgrading ITIs to include supply-chain management & automation', 5),
	(3, 'Commerce & Industry', 129, 'Development of railway stations to connect all districts', 5),
	(20, 'Transport', 129, 'Development of railway stations to connect all districts', 5),
	(3, 'Commerce & Industry', 130, 'Construction of railway sidings to coal & iron ore pitheads with integrated terminals', 5),
	(20, 'Transport', 130, 'Construction of railway sidings to coal & iron ore pitheads with integrated terminals', 5),
	(3, 'Commerce & Industry', 131, 'Developing dedicated East-west & North-South freight corridors to streamline cargo movement', 5),
	(4, 'PWD', 131, 'Developing dedicated East-west & North-South freight corridors to streamline cargo movement', 5),
	(3, 'Commerce & Industry', 132, 'Upgrading existing inland container depots in Raipur to handle increased cargo volumes', 5),
	(3, 'Commerce & Industry', 132, 'Upgrading existing inland container depots in Raipur to handle increased cargo volumes', 5),
	(3, 'Commerce & Industry', 133, 'Building data & analytics centers to optimize route planning & improve supply chain visibility', 5),
	(20, 'Transport', 133, 'Building data & analytics centers to optimize route planning & improve supply chain visibility', 5),
	(3, 'Commerce & Industry', 134, 'Implementing automated storage & retrieval systems in warehouses to enhance operational efficiency', 5),
	(20, 'Transport', 134, 'Implementing automated storage & retrieval systems in warehouses to enhance operational efficiency', 5),
	(3, 'Commerce & Industry', 135, 'Investing in autonomous vehicles and drones for last-mile delivery to improve efficiency & reduce costs', 5),
	(20, 'Transport', 135, 'Investing in autonomous vehicles and drones for last-mile delivery to improve efficiency & reduce costs', 5),
	(12, 'Housing & Environment', 136, 'Creation of dedicated RDA for development & coordination of 4 identified urban agglomerations', 11),
	(12, 'Housing & Environment', 137, 'Strategic development of the SCR with 10+ mega projects across housing, healthcare, industry etc.', 11),
	(22, 'Urban Administration & Panchayat & Rural Development', 138, 'Targeted investments in infra for electricity & full coverage of piped water, 100% tap water by 2030', 11),
	(21, 'Urban Administration', 139, 'Scaling smart city initiatives to 5 greenfield cities', 11),
	(14, 'Panchayat & Rural Development', 140, 'Greenfield development of 5,000 smart & model villages (500 villages by 2030)', 11),
	(20, 'Transport', 141, 'Creation of STC to manage state-wide public transport & UMTA for regional transport development', 11),
	(22, 'Urban Administration & Panchayat & Rural Development', 142, 'Developing a strong PPP construct for collaboration with private sector in social infrastructure projects', 11),
	(22, 'Urban Administration & Panchayat & Rural Development', 143, 'Community-level sports facilities for promoting sports', 11),
	(21, 'Urban Administration', 144, 'Slum redevelopment & integration into city-planning in Raipur', 11),
	(21, 'Urban Administration', 145, 'Construction of designated geo-zones (e.g.: Medicity, Education city)', 11),
	(12, 'Housing & Environment', 146, 'Master planning of cities & Creating 15-minute cities by implementing zoning regulations', 11),
	(12, 'Housing & Environment', 147, 'Policy Frameworks: Developing robust policies and regulations to guide infra development', 11),
	(12, 'Housing & Environment', 148, 'Organizing targeted investment summits to attract national and international investors', 11),
	(12, 'Housing & Environment', 149, 'Developing a detailed project pipeline with land allocation & regulatory support to facilitate investments', 11),
	(12, 'Housing & Environment', 150, 'Conducting land audits to identify prime locations for industrial, commercial, and residential projects', 11),
	(12, 'Housing & Environment', 151, 'Development of 4 greenfield cities via feasibility and Zoning to assess land suitability', 11),
	(1, 'Agriculture', 152, 'Develop commodity-specific clusters (pilots for 15 mission)', 1),
	(1, 'Agriculture', 152, 'Develop commodity-specific clusters (pilots for 15 mission)', 1),
	(1, 'Agriculture', 153, 'Institutionalize a two-pronged State Paddy Mission', 1),
	(1, 'Agriculture', 153, 'Institutionalize a two-pronged State Paddy Mission', 1),
	(1, 'Agriculture', 154, 'Launch Agri & Allied Export Promotion Policy', 1),
	(1, 'Agriculture', 154, 'Launch Agri & Allied Export Promotion Policy', 1),
	(1, 'Agriculture', 155, 'Set-up Agri Export Zones in convergence with APEDA', 1),
	(1, 'Agriculture', 155, 'Set-up Agri Export Zones in convergence with APEDA', 1),
	(1, 'Agriculture', 156, 'Strong regional brand for Chhattisgarh\'s produce', 1),
	(1, 'Agriculture', 157, 'Set-up Village Export Hubs in convergence with APEDA', 1),
	(1, 'Agriculture', 157, 'Set-up Village Export Hubs in convergence with APEDA', 1),
	(1, 'Agriculture', 158, 'Foster dedicated market linkages – domestic and global', 1),
	(3, 'Commerce & Industry', 158, 'Foster dedicated market linkages – domestic and global', 1),
	(1, 'Agriculture', 159, 'Scale irrigation-as-a-service – scheme for PAYG via Pvt.', 1),
	(23, 'Water Resource', 159, 'Scale irrigation-as-a-service – scheme for PAYG via Pvt.', 1),
	(1, 'Agriculture', 160, 'Launch an irrigation revolving fund with NABARD', 1),
	(16, 'Rural Industries', 160, 'Launch an irrigation revolving fund with NABARD', 1),
	(1, 'Agriculture', 161, 'Develop advanced irrigation infrastructure', 1),
	(23, 'Water Resource', 161, 'Develop advanced irrigation infrastructure', 1),
	(1, 'Agriculture', 162, 'Launch FPO Mentorship Program with NABARD', 1),
	(16, 'Rural Industries', 162, 'Launch FPO Mentorship Program with NABARD', 1),
	(1, 'Agriculture', 163, 'Implement seamless phygital commerce for FPOs', 1),
	(6, 'Electronics & IT', 163, 'Implement seamless phygital commerce for FPOs', 1),
	(1, 'Agriculture', 164, 'Incentivize FPOs registered on national portals', 1),
	(1, 'Agriculture', 165, 'Set-up a biotech CoE in Raipur in PPP', 1),
	(1, 'Agriculture', 166, 'Develop CG as hub for quality seeds and planting material', 1),
	(1, 'Agriculture', 167, 'Orchestrate an R&D Ecosystem – incentivize academia', 1),
	(1, 'Agriculture', 168, 'Implement a central land records', 1),
	(6, 'Electronics & IT', 168, 'Implement a central land records', 1),
	(1, 'Agriculture', 169, 'State wide mission for 30% organic by 2047', 1),
	(19, 'Tourism', 160, 'Launch an irrigation revolving fund with NABARD', 1),
	(1, 'Agriculture', 170, 'Facilitate climate smart practices like INM', 1),
	(1, 'Agriculture', 171, 'Annadaata to Urjadaata: Biofuel Programme', 1),
	(1, 'Agriculture', 171, 'Annadaata to Urjadaata: Biofuel Programme', 1),
	(1, 'Agriculture', 172, 'Launch an Agri Promotion Fund – FOF model', 1),
	(1, 'Agriculture', 172, 'Launch an Agri Promotion Fund – FOF model', 1),
	(1, 'Agriculture', 173, 'Increase access to KCCs by forming JLGs', 1),
	(1, 'Agriculture', 174, 'Ensure price support via organized mandis', 1),
	(1, 'Agriculture', 175, 'Mission for private anchors & foreign investment', 1),
	(3, 'Commerce & Industry', 175, 'Mission for private anchors & foreign investment', 1),
	(1, 'Agriculture', 176, 'Utilize KVKs, RIPA and RSICs as district coordinators', 1),
	(1, 'Agriculture', 177, 'Set-up ADARSH colleges focused on agriculture', 1),
	(11, 'Higher Education', 177, 'Set-up ADARSH colleges focused on agriculture', 1),
	(1, 'Agriculture', 178, 'Partner with start-ups to implement agri-tech solutions', 1),
	(1, 'Agriculture', 179, 'Integrated sensor technologies like drones', 1),
	(1, 'Agriculture', 180, 'Targeted program for agriculturally backward areas', 1),
	(1, 'Agriculture', 181, 'Pilot agro-tourism', 1),
	(19, 'Tourism', 181, 'Pilot agro-tourism', 1),
	(7, 'Energy', 182, 'Dedicated cell for Renewable Energy under Energy dept.', 9),
	(7, 'Energy', 183, 'Inaugurating floating solar plants on 5 key reservoirs', 9),
	(23, 'Water Resource', 183, 'Inaugurating floating solar plants on 5 key reservoirs', 9),
	(7, 'Energy', 184, 'Solarization of agri. & households under central schemes', 9),
	(1, 'Agriculture', 184, 'Solarization of agri. & households under central schemes', 9),
	(7, 'Energy', 185, 'Scaling PSPs on major rivers in PPP', 9),
	(3, 'Commerce & Industry', 185, 'Scaling PSPs on major rivers in PPP', 9),
	(1, 'Agriculture', 186, 'Setting a biofuel CoE for a state biofuel program', 9),
	(7, 'Energy', 186, 'Setting a biofuel CoE for a state biofuel program', 9),
	(7, 'Energy', 187, '100% fly ash utilization basis MoEF norms', 9),
	(12, 'Housing & Environment', 187, '100% fly ash utilization basis MoEF norms', 9),
	(7, 'Energy', 188, 'Decarbonization of thermal plants via CCUS and FGD1', 9),
	(12, 'Housing & Environment', 188, 'Decarbonization of thermal plants via CCUS and FGD1', 9),
	(3, 'Commerce & Industry', 189, 'Defining policies for greening of 6 priority sectors', 9),
	(1, 'Agriculture', 189, 'Defining policies for greening of 6 priority sectors', 9),
	(13, 'Mining', 190, 'Taskforce under mining dept. for governance of MCPs', 9),
	(13, 'Mining', 190, 'Taskforce under mining dept. for governance of MCPs', 9),
	(12, 'Housing & Environment', 191, 'Plastic-free Chhattisgarh: ban on single-use plastics', 9),
	(21, 'Urban Administration', 191, 'Plastic-free Chhattisgarh: ban on single-use plastics', 9),
	(12, 'Housing & Environment', 192, 'Scaling waste processing infra – 25 STPs, 2 CETPs', 9),
	(21, 'Urban Administration', 192, 'Scaling waste processing infra – 25 STPs, 2 CETPs', 9),
	(12, 'Housing & Environment', 193, 'Setting up a waste-to-energy plant in Raipur', 9),
	(7, 'Energy', 193, 'Setting up a waste-to-energy plant in Raipur', 9),
	(12, 'Housing & Environment', 194, 'Launching a digital marketplace for e2e waste cycle', 9),
	(6, 'Electronics & IT', 194, 'Launching a digital marketplace for e2e waste cycle', 9),
	(8, 'Forest', 195, 'Eco-restoration of open forests and damaged land', 9),
	(8, 'Forest', 196, 'Increasing ToF area via urban green spaces & agroforestry', 9),
	(8, 'Forest', 197, 'Conserving wetlands under Ramsar convention', 9),
	(23, 'Water Resource', 197, 'Conserving wetlands under Ramsar convention', 9),
	(23, 'Water Resource', 198, 'Launching state water policy, basins plan, SWIC & tariff system', 9),
	(6, 'Electronics & IT', 198, 'Launching state water policy, basins plan, SWIC & tariff system', 9),
	(23, 'Water Resource', 199, 'Setting micro-irrigation projects and piped infrastructure', 9),
	(1, 'Agriculture', 199, 'Setting micro-irrigation projects and piped infrastructure', 9),
	(23, 'Water Resource', 200, 'Large scale recharge of groundwater via anicuts & aquifers', 9),
	(23, 'Water Resource', 201, 'Establishing Water Users Association; & WALMI for capacity build', 9),
	(23, 'Water Resource', 201, 'Establishing Water Users Association; & WALMI for capacity build', 9),
	(12, 'Housing & Environment', 202, 'Institutionalization of informal waste collectors', 9),
	(7, 'Energy', 182, 'Dedicated cell for Renewable Energy under Energy dept.', 9),
	(7, 'Energy', 183, 'Inaugurating floating solar plants on 5 key reservoirs', 9),
	(23, 'Water Resource', 183, 'Inaugurating floating solar plants on 5 key reservoirs', 9),
	(7, 'Energy', 184, 'Solarization of agri. & households under central schemes', 9),
	(1, 'Agriculture', 184, 'Solarization of agri. & households under central schemes', 9),
	(7, 'Energy', 185, 'Scaling PSPs on major rivers in PPP', 9),
	(3, 'Commerce & Industry', 185, 'Scaling PSPs on major rivers in PPP', 9),
	(1, 'Agriculture', 186, 'Setting a biofuel CoE for a state biofuel program', 9),
	(7, 'Energy', 186, 'Setting a biofuel CoE for a state biofuel program', 9),
	(7, 'Energy', 187, '100% fly ash utilization basis MoEF norms', 9),
	(12, 'Housing & Environment', 187, '100% fly ash utilization basis MoEF norms', 9),
	(7, 'Energy', 188, 'Decarbonization of thermal plants via CCUS and FGD1', 9),
	(12, 'Housing & Environment', 188, 'Decarbonization of thermal plants via CCUS and FGD1', 9),
	(3, 'Commerce & Industry', 189, 'Defining policies for greening of 6 priority sectors', 9),
	(1, 'Agriculture', 189, 'Defining policies for greening of 6 priority sectors', 9),
	(13, 'Mining', 190, 'Taskforce under mining dept. for governance of MCPs', 9),
	(13, 'Mining', 190, 'Taskforce under mining dept. for governance of MCPs', 9),
	(12, 'Housing & Environment', 191, 'Plastic-free Chhattisgarh: ban on single-use plastics', 9),
	(21, 'Urban Administration', 191, 'Plastic-free Chhattisgarh: ban on single-use plastics', 9),
	(12, 'Housing & Environment', 192, 'Scaling waste processing infra – 25 STPs, 2 CETPs', 9),
	(21, 'Urban Administration', 192, 'Scaling waste processing infra – 25 STPs, 2 CETPs', 9),
	(12, 'Housing & Environment', 193, 'Setting up a waste-to-energy plant in Raipur', 9),
	(7, 'Energy', 193, 'Setting up a waste-to-energy plant in Raipur', 9),
	(12, 'Housing & Environment', 194, 'Launching a digital marketplace for e2e waste cycle', 9),
	(6, 'Electronics & IT', 194, 'Launching a digital marketplace for e2e waste cycle', 9),
	(8, 'Forest', 195, 'Eco-restoration of open forests and damaged land', 9),
	(8, 'Forest', 196, 'Increasing ToF area via urban green spaces & agroforestry', 9),
	(8, 'Forest', 197, 'Conserving wetlands under Ramsar convention', 9),
	(23, 'Water Resource', 197, 'Conserving wetlands under Ramsar convention', 9),
	(23, 'Water Resource', 198, 'Launching state water policy, basins plan, SWIC & tariff system', 9),
	(6, 'Electronics & IT', 198, 'Launching state water policy, basins plan, SWIC & tariff system', 9),
	(23, 'Water Resource', 199, 'Setting micro-irrigation projects and piped infrastructure', 9),
	(1, 'Agriculture', 199, 'Setting micro-irrigation projects and piped infrastructure', 9),
	(23, 'Water Resource', 200, 'Large scale recharge of groundwater via anicuts & aquifers', 9),
	(23, 'Water Resource', 201, 'Establishing Water Users Association; & WALMI for capacity build', 9),
	(23, 'Water Resource', 201, 'Establishing Water Users Association; & WALMI for capacity build', 9),
	(12, 'Housing & Environment', 202, 'Institutionalization of informal waste collectors', 9),
	(12, 'Housing & Environment', 202, 'Institutionalization of informal waste collectors', 9),
	(8, 'Forest', 203, 'Re-orient Chhattisgarh Herbals brand-positioning', 2),
	(8, 'Forest', 204, 'Create a dedicated Exports Task Force under MFP Dept.', 2),
	(3, 'Commerce & Industry', 204, 'Create a dedicated Exports Task Force under MFP Dept.', 2),
	(8, 'Forest', 205, 'Get GI tags and global certification for key products', 2),
	(8, 'Forest', 206, 'Global tie-ups for forest-branded natural products', 2),
	(10, 'Health and Family Welfare', 207, 'Launch Annual Chhattisgarh AYUSH Expo', 2),
	(3, 'Commerce & Industry', 207, 'Launch Annual Chhattisgarh AYUSH Expo', 2),
	(10, 'Health and Family Welfare', 208, 'Create an AYUSH pharmacopoeia', 2),
	(10, 'Health and Family Welfare', 209, 'Set-up an Ayurveda complex – mfg., healthcare, training + teaching', 2),
	(11, 'Higher Education', 209, 'Set-up an Ayurveda complex – mfg., healthcare, training + teaching', 2),
	(17, 'School Education', 209, 'Set-up an Ayurveda complex – mfg., healthcare, training + teaching', 2),
	(18, 'Technical Education and Skill Development', 209, 'Set-up an Ayurveda complex – mfg., healthcare, training + teaching', 2),
	(10, 'Health and Family Welfare', 210, 'Partner with private sector to develop training courses', 2),
	(8, 'Forest', 210, 'Partner with private sector to develop training courses', 2),
	(18, 'Technical Education and Skill Development', 210, 'Partner with private sector to develop training courses', 2),
	(19, 'Tourism', 210, 'Partner with private sector to develop training courses', 2),
	(8, 'Forest', 211, 'Run last-mile comprehensive skilling programs via VDVKs', 2),
	(18, 'Technical Education and Skill Development', 211, 'Run last-mile comprehensive skilling programs via VDVKs', 2),
	(8, 'Forest', 212, 'Infra. development for a decentralized value-chain', 2),
	(3, 'Commerce & Industry', 212, 'Infra. development for a decentralized value-chain', 2),
	(10, 'Health and Family Welfare', 213, 'Ensure AYUSH-accredited facilities at all AMs and DHs', 2),
	(3, 'Commerce & Industry', 214, 'Create PPP guidelines for resorts, mfg. units, etc.', 2),
	(10, 'Health and Family Welfare', 214, 'Create PPP guidelines for resorts, mfg. units, etc.', 2),
	(19, 'Tourism', 214, 'Create PPP guidelines for resorts, mfg. units, etc.', 2),
	(10, 'Health and Family Welfare', 215, 'Augment existing network of AYUSH facilities', 2),
	(8, 'Forest', 216, 'Promote sustainable management of forests', 2),
	(8, 'Forest', 216, 'Promote sustainable management of forests', 2),
	(8, 'Forest', 217, 'Institutionalize a Steering Committee for vision implementation', 2),
	(19, 'Tourism', 218, 'Curate a large-scale Wellness Tourism campaign', 2),
	(10, 'Health and Family Welfare', 218, 'Curate a large-scale Wellness Tourism campaign', 2),
	(8, 'Forest', 219, 'Establish excellence centers in VDVKs', 2),
	(19, 'Tourism', 219, 'Establish excellence centers in VDVKs', 2),
	(8, 'Forest', 220, 'Setup a dedicated e-Marketplace for Van Dhan', 2),
	(6, 'Electronics & IT', 220, 'Setup a dedicated e-Marketplace for Van Dhan', 2),
	(8, 'Forest', 221, 'Strengthen Van Dhan Vikas Kendras with PPP linkages', 2),
	(19, 'Tourism', 221, 'Strengthen Van Dhan Vikas Kendras with PPP linkages', 2),
	(10, 'Health and Family Welfare', 222, 'Setup 1 CoEs on AYUSH R&D and clinical standards', 2),
	(8, 'Forest', 223, 'Empower tribal co-ops for direct marketing', 2),
	(8, 'Forest', 224, 'Implement e-extension service in VDVKs in PPP-mode', 2),
	(19, 'Tourism', 224, 'Implement e-extension service in VDVKs in PPP-mode', 2),
	(8, 'Forest', 225, 'Develop a branded-line of CG Herbals high-value products', 2),
	(19, 'Tourism', 226, 'Phased operationalization of DMOs', 4),
	(19, 'Tourism', 226, 'Phased operationalization of DMOs', 4),
	(19, 'Tourism', 227, 'Revamp of Chhattisgarh Tourism Policy', 4),
	(5, 'Aviation', 227, 'Revamp of Chhattisgarh Tourism Policy', 4),
	(19, 'Tourism', 228, 'Improvement in air connectivity', 4),
	(19, 'Tourism', 229, 'Last-mile-road-connectivity in phase-1 clusters', 4),
	(19, 'Tourism', 229, 'Last-mile-road-connectivity in phase-1 clusters', 4),
	(19, 'Tourism', 230, 'Launch tourist shuttles', 4),
	(19, 'Tourism', 230, 'Launch tourist shuttles', 4),
	(19, 'Tourism', 231, 'Develop mobility experiences', 4),
	(19, 'Tourism', 231, 'Develop mobility experiences', 4),
	(19, 'Tourism', 232, 'Launch state-level investment incentive scheme', 4),
	(19, 'Tourism', 232, 'Launch state-level investment incentive scheme', 4),
	(19, 'Tourism', 233, 'Set-up window for investor hand-holding services at DMOs', 4),
	(19, 'Tourism', 233, 'Set-up window for investor hand-holding services at DMOs', 4),
	(19, 'Tourism', 234, 'Define a bed tax policy for luxury accommodations', 4),
	(19, 'Tourism', 235, 'Establish credit facility for small-scale entrepreneurs', 4),
	(3, 'Commerce & Industry', 235, 'Establish credit facility for small-scale entrepreneurs', 4),
	(19, 'Tourism', 236, 'Infra. for authenticity tags for locally run businesses', 4),
	(19, 'Tourism', 236, 'Infra. for authenticity tags for locally run businesses', 4),
	(19, 'Tourism', 237, 'Set-up dedicated ADARSH colleges for tourism', 4),
	(11, 'Higher Education', 237, 'Set-up dedicated ADARSH colleges for tourism', 4),
	(17, 'School Education', 237, 'Set-up dedicated ADARSH colleges for tourism', 4),
	(18, 'Technical Education and Skill Development', 237, 'Set-up dedicated ADARSH colleges for tourism', 4),
	(19, 'Tourism', 238, 'Design curriculum; and run training programs', 4),
	(19, 'Tourism', 238, 'Design curriculum; and run training programs', 4),
	(19, 'Tourism', 239, 'Develop branding & marketing strategy', 4),
	(19, 'Tourism', 239, 'Develop branding & marketing strategy', 4),
	(19, 'Tourism', 240, 'Launch an integrated tourism portal', 4),
	(6, 'Electronics & IT', 240, 'Launch an integrated tourism portal', 4),
	(19, 'Tourism', 241, 'Set-up data collection systems', 4),
	(6, 'Electronics & IT', 241, 'Set-up data collection systems', 4),
	(19, 'Tourism', 242, 'Add an analytics layer on top of data management software', 4),
	(6, 'Electronics & IT', 242, 'Add an analytics layer on top of data management software', 4),
	(2, 'Art & Culture', 243, 'Documentation & conservation campaign', 10),
	(2, 'Art & Culture', 244, 'Learner & master support scheme', 10),
	(15, 'Public Relations Dept', 245, 'Collaboration with designers & private brands', 10),
	(19, 'Tourism', 246, 'Incentives for portrayal of culture in Film Tourism Policy', 10),
	(2, 'Art & Culture', 247, 'Development of heritage sites & adoption scheme', 10),
	(2, 'Art & Culture', 248, 'Digital library and archiving system', 10),
	(2, 'Art & Culture', 249, 'Digital marketplace and D2C website upgradation', 10),
	(17, 'School Education', 250, 'Integration of art & culture in school curriculum', 10),
	(2, 'Art & Culture', 250, 'Integration of art & culture in school curriculum', 10),
	(2, 'Art & Culture', 251, 'Mega cultural festival in Chhattisgarh', 10),
	(19, 'Tourism', 251, 'Mega cultural festival in Chhattisgarh', 10),
	(2, 'Art & Culture', 252, 'DIY product kits for Chhattisgarhi handicrafts', 10),
	(11, 'Higher Education', 253, 'Develop and position IKSV as the premier Music & Arts college of India; Art & Culture colleges development across divisions (Adarsh Colleges)', 10),
	(2, 'Art & Culture', 254, 'Develop State Tribal Museum', 10),
	(2, 'Art & Culture', 255, 'Establishing Divisional Cultural Center', 10),
	(2, 'Art & Culture', 256, 'Develop Virtual Museum Tours', 10),
	(2, 'Art & Culture', 257, 'Expansion of Gadh Kalewas in Metro cities', 10);

-- Dumping structure for table cg_anjor_vision.initiative_department_theme_details
CREATE TABLE IF NOT EXISTS `initiative_department_theme_details` (
  `dept_id` int(11) DEFAULT NULL,
  `dept_name` varchar(255) CHARACTER SET utf8mb4 COLLATE utf8mb4_general_ci,
  `initiative_title` varchar(255) CHARACTER SET utf8mb4 COLLATE utf8mb4_general_ci,
  `theme_id` int(11) DEFAULT NULL,
  `theme_name` varchar(255) CHARACTER SET utf8mb4 COLLATE utf8mb4_general_ci
) ENGINE=InnoDB DEFAULT CHARSET=utf8mb4 COLLATE=utf8mb4_unicode_ci;

-- Dumping data for table cg_anjor_vision.initiative_department_theme_details: ~403 rows (approximately)
INSERT INTO `initiative_department_theme_details` (`dept_id`, `dept_name`, `initiative_title`, `theme_id`, `theme_name`) VALUES
	(17, 'School Education', 'Setup 10 Model International Schools, School Complexes / Clusters (where feasible)', 7, 'Land of Innovation, Skilled Human Capital & Quality Education'),
	(17, 'School Education', 'Setup state-level ECCE committee', 7, 'Land of Innovation, Skilled Human Capital & Quality Education'),
	(17, 'School Education', 'Setup Science City in Nava Raipur', 7, 'Land of Innovation, Skilled Human Capital & Quality Education'),
	(17, 'School Education', 'FLN improvement: Launch a Digital App for AI-assisted lesson planning, personalized attention, etc.', 7, 'Land of Innovation, Skilled Human Capital & Quality Education'),
	(17, 'School Education', 'Initiate Blended Learning Models from Class VI onwards with mix of vocational and theoretical courses', 7, 'Land of Innovation, Skilled Human Capital & Quality Education'),
	(11, 'Higher Education', 'Setup 36 Adarsh Institutes (1 in each division, incl. domain-specific institutes like Arts & Craft Uni.)', 7, 'Land of Innovation, Skilled Human Capital & Quality Education'),
	(11, 'Higher Education', 'Setup State Higher Education Mission for higher education quality standards', 7, 'Land of Innovation, Skilled Human Capital & Quality Education'),
	(18, 'Technical Education and Skill Development', 'Entrepreneurship: Create Startup Policy and Launch State-Level Startup Challenge / Conclave', 7, 'Land of Innovation, Skilled Human Capital & Quality Education'),
	(18, 'Technical Education and Skill Development', 'Quality: Ensure 100% accreditation from NBA and NAAC for all technical institutes', 7, 'Land of Innovation, Skilled Human Capital & Quality Education'),
	(18, 'Technical Education and Skill Development', 'Infrastructure: Setup 11 Chhattisgarh Institutes of Technology (CGITs) (at-par with NITs)', 7, 'Land of Innovation, Skilled Human Capital & Quality Education'),
	(18, 'Technical Education and Skill Development', 'Research & Development: Establish Innovation Hubs in all institutes and Industry-sponsored labs', 7, 'Land of Innovation, Skilled Human Capital & Quality Education'),
	(18, 'Technical Education and Skill Development', 'Techfests: Have all Technical Institutes organizing national-level techfests with global participants', 7, 'Land of Innovation, Skilled Human Capital & Quality Education'),
	(17, 'School Education', 'NEP: Implement all provisions of NEP 2020', 7, 'Land of Innovation, Skilled Human Capital & Quality Education'),
	(11, 'Higher Education', 'NEP: Implement all provisions of NEP 2020', 7, 'Land of Innovation, Skilled Human Capital & Quality Education'),
	(17, 'School Education', 'NEP: Implement all provisions of NEP 2020', 7, 'Land of Innovation, Skilled Human Capital & Quality Education'),
	(18, 'Technical Education and Skill Development', 'NEP: Implement all provisions of NEP 2020', 7, 'Land of Innovation, Skilled Human Capital & Quality Education'),
	(18, 'Technical Education and Skill Development', 'Setup a Global Skills University', 7, 'Land of Innovation, Skilled Human Capital & Quality Education'),
	(18, 'Technical Education and Skill Development', 'Setup Knowledge Society of Chhattisgarh for annual skilling review, skilling policy, curriculum refresh', 7, 'Land of Innovation, Skilled Human Capital & Quality Education'),
	(18, 'Technical Education and Skill Development', 'Setup Industry-led Rural Skilling Labs (including mobile labs)', 7, 'Land of Innovation, Skilled Human Capital & Quality Education'),
	(18, 'Technical Education and Skill Development', 'Ensure 100% accreditation from NCVT for all ITIs', 7, 'Land of Innovation, Skilled Human Capital & Quality Education'),
	(11, 'Higher Education', 'Reimagine governance of higher, technical & skilling bodies (Potential to consider setup of unified Department with separate directorates / verticals)', 7, 'Land of Innovation, Skilled Human Capital & Quality Education'),
	(18, 'Technical Education and Skill Development', 'Reimagine governance of higher, technical & skilling bodies (Potential to consider setup of unified Department with separate directorates / verticals)', 7, 'Land of Innovation, Skilled Human Capital & Quality Education'),
	(17, 'School Education', 'Implement first-language based curriculum & setup high quality hostels for teachers & students', 7, 'Land of Innovation, Skilled Human Capital & Quality Education'),
	(11, 'Higher Education', 'Establish Nava Raipur as an Education City', 7, 'Land of Innovation, Skilled Human Capital & Quality Education'),
	(17, 'School Education', 'Establish Nava Raipur as an Education City', 7, 'Land of Innovation, Skilled Human Capital & Quality Education'),
	(18, 'Technical Education and Skill Development', 'Establish Nava Raipur as an Education City', 7, 'Land of Innovation, Skilled Human Capital & Quality Education'),
	(22, 'Urban Administration & Panchayat & Rural Development', 'Establish Nava Raipur as an Education City', 7, 'Land of Innovation, Skilled Human Capital & Quality Education'),
	(10, 'Health and Family Welfare', 'Setup Aarogya Chhattisgarh as a Population-based Health Management Program', 8, 'A Healthy & Prospering Society'),
	(10, 'Health and Family Welfare', 'Setup State-Wide Nutrition Mission', 8, 'A Healthy & Prospering Society'),
	(10, 'Health and Family Welfare', 'Develop Healthcare Workforce Policy for compensating shortages via multiple routes', 8, 'A Healthy & Prospering Society'),
	(10, 'Health and Family Welfare', 'Setup 5 Medi-Cities (1 in each division)', 8, 'A Healthy & Prospering Society'),
	(10, 'Health and Family Welfare', 'Setup 5 state-of-the-art Skill Labs (1 in each division) – integrated with a Learning Management SYSTEM', 8, 'A Healthy & Prospering Society'),
	(10, 'Health and Family Welfare', 'Create a Public-facing Quality Ranking System for state medical education institutes', 8, 'A Healthy & Prospering Society'),
	(10, 'Health and Family Welfare', 'Ensure 100% ABDM-enablement of state healthcare facilities & population', 8, 'A Healthy & Prospering Society'),
	(10, 'Health and Family Welfare', 'Make digital systems workflow-based with higher value for FLWs', 8, 'A Healthy & Prospering Society'),
	(10, 'Health and Family Welfare', 'Strengthen existing systems to handle large-scale digitization of healthcare', 8, 'A Healthy & Prospering Society'),
	(10, 'Health and Family Welfare', 'Setup Health AI Lab in AIIMS Raipur, in partnership with private sector', 8, 'A Healthy & Prospering Society'),
	(10, 'Health and Family Welfare', 'Launch Aajeevani App for mobile & text-based awareness on high-priority topics', 8, 'A Healthy & Prospering Society'),
	(10, 'Health and Family Welfare', 'Conduct district-level surveys for collecting granular data on district-wise indicators', 8, 'A Healthy & Prospering Society'),
	(10, 'Health and Family Welfare', 'Create public-facing digital scorecards for districts, facilities as well as care workers', 8, 'A Healthy & Prospering Society'),
	(10, 'Health and Family Welfare', 'Setup a Digital Control Tower to provide one-stop view of real-time healthcare metrics', 8, 'A Healthy & Prospering Society'),
	(10, 'Health and Family Welfare', 'Align fiscal allocations with performance', 8, 'A Healthy & Prospering Society'),
	(10, 'Health and Family Welfare', 'Augment outreach efforts towards MDBs / DFIs to raise soft loans & setup dedicated health funds', 8, 'A Healthy & Prospering Society'),
	(10, 'Health and Family Welfare', 'Create an attractive PPP policy for healthcare infra, including incentives for targeted CSR-spends', 8, 'A Healthy & Prospering Society'),
	(10, 'Health and Family Welfare', 'Ensure 100% healthcare insurance for each household, with enhanced cover of INR 10 Lakh per person', 8, 'A Healthy & Prospering Society'),
	(10, 'Health and Family Welfare', 'Enhance network of Jan Aushadhi Kendras to provide affordable drugs', 8, 'A Healthy & Prospering Society'),
	(10, 'Health and Family Welfare', 'Increase capacity of SCs, PHCs, CHCs in rural areas to bridge the shortfall', 8, 'A Healthy & Prospering Society'),
	(10, 'Health and Family Welfare', 'Have atleast 5 high-tech, fully stocked and well-equipped CHCs in each district', 8, 'A Healthy & Prospering Society'),
	(10, 'Health and Family Welfare', 'Have atleast 1 world-class tertiary care hospital in each district', 8, 'A Healthy & Prospering Society'),
	(10, 'Health and Family Welfare', 'Setup atleast 1 Varishtha Jeevansathi Kendra in each district', 8, 'A Healthy & Prospering Society'),
	(6, 'Electronics & IT', 'Develop necessary transport infrastructure for better connectivity to underserved regions', 8, 'A Healthy & Prospering Society'),
	(6, 'Electronics & IT', 'Setup 3 Healthcare SEZs – Pharmaceutical SEZ, Medical Equipment SEZ, Healthcare IT SEZ', 8, 'A Healthy & Prospering Society'),
	(6, 'Electronics & IT', 'Develop guidelines for a Green Corridor system', 8, 'A Healthy & Prospering Society'),
	(6, 'Electronics & IT', 'Augment R&D labs with state-of-the-art infrastructure', 8, 'A Healthy & Prospering Society'),
	(6, 'Electronics & IT', 'Establish a Centre for Epidemiological Research', 8, 'A Healthy & Prospering Society'),
	(10, 'Health and Family Welfare', 'Provide research-linked incentives for commercialization-oriented research in new-age technologies', 8, 'A Healthy & Prospering Society'),
	(10, 'Health and Family Welfare', 'Setup a State Clinical Standards Unit for designing value-based KPIs and clinical protocols', 8, 'A Healthy & Prospering Society'),
	(6, 'Electronics & IT', 'Jan Sewa Portal (e-District 2.0): One-stop portal for all citizen services, with Lok Seva Guarantees linked to service delivery metrics', 12, 'Governance for Lasting Value Creation in Citizens’s'),
	(9, 'Good Governance', '1 Family, 1 Identifier to track beneficiaries & disseminate household services', 12, 'Governance for Lasting Value Creation in Citizens’s'),
	(6, 'Electronics & IT', 'Sugam Vyapar Portal: Single Window System 3.0 for businesses, with enhanced service coverage & quality', 12, 'Governance for Lasting Value Creation in Citizens’s'),
	(9, 'Good Governance', 'Digital & Data Backbone: Building robust IT architecture including data lakes, capturing data bottom-up, etc. with strategic partners like MSPs', 12, 'Governance for Lasting Value Creation in Citizens’s'),
	(9, 'Good Governance', 'Digi Sewa Portal: Single portal for empanelment of vendors, experts, etc.', 12, 'Governance for Lasting Value Creation in Citizens’s'),
	(9, 'Good Governance', 'E-Governance Dashboard: For monitoring key performance indicators including focus on back-end', 12, 'Governance for Lasting Value Creation in Citizens’s'),
	(6, 'Electronics & IT', 'Govt. Process Re-engineering: Annual review of department-level processes for a streamlined and simplified experience', 12, 'Governance for Lasting Value Creation in Citizens’s'),
	(9, 'Good Governance', 'Paperless Governance: Adoption of e-office across departments with inter-operability across platforms', 12, 'Governance for Lasting Value Creation in Citizens’s'),
	(9, 'Good Governance', 'HR reforms: Outcome-oriented performance management, optimal mix of private & govt. talent', 12, 'Governance for Lasting Value Creation in Citizens’s'),
	(9, 'Good Governance', 'IT-Specialist Cadre: Digital & Data Officers in each department', 12, 'Governance for Lasting Value Creation in Citizens’s'),
	(9, 'Good Governance', 'Structured Capability Building: Structured training programs basis capability gaps & new-age skills', 12, 'Governance for Lasting Value Creation in Citizens’s'),
	(9, 'Good Governance', 'Project orientation & implementation focus: Defined timelines, SPVs, missions, floating cross-functional resources, etc.', 12, 'Governance for Lasting Value Creation in Citizens’s'),
	(9, 'Good Governance', 'Convergent governance via inter-departmental committees, review cadences / retreats etc. on key topics', 12, 'Governance for Lasting Value Creation in Citizens’s'),
	(9, 'Good Governance', 'Connected Chhattisgarh: Last-mile connectivity to all regions with 100% high-speed broadband penetration', 12, 'Governance for Lasting Value Creation in Citizens’s'),
	(9, 'Good Governance', 'Self-reliant Local Bodies: Better sharing of resources (financial & manpower) with focus on financial self-sustenance', 12, 'Governance for Lasting Value Creation in Citizens’s'),
	(9, 'Good Governance', 'Jan Bhagidari: Regular citizen engagement for crowdsourcing ideas, citizen feedback, etc.', 12, 'Governance for Lasting Value Creation in Citizens’s'),
	(9, 'Good Governance', 'Quality ratings based on citizen feedback for all government services', 12, 'Governance for Lasting Value Creation in Citizens’s'),
	(3, 'Commerce & Industry', 'Identify priority sectors & create competitive policies – offering better RoI for investors than competing states', 13, 'Premier Investment Destination'),
	(3, 'Commerce & Industry', 'Setup Invest Chhattisgarh - CG\'s Investment Promotion & Facilitation Body with best-in-class organization structure', 13, 'Premier Investment Destination'),
	(3, 'Commerce & Industry', 'Organize regional events / roadshows & a Global Investors Summit – inviting local, national and global industrialists & other dignitaries', 13, 'Premier Investment Destination'),
	(3, 'Commerce & Industry', 'Setup a Lead Conversion Unit for handholding high-potential investors and for on-ground conversion', 13, 'Premier Investment Destination'),
	(3, 'Commerce & Industry', 'Setup 3 Trade Expo Properties for promoting state\'s top products (e.g., Annual Mango Exhibition in Jashpur Expo Centre)', 13, 'Premier Investment Destination'),
	(3, 'Commerce & Industry', 'Setup regional offices in Delhi, Mumbai, Bengaluru & other major cities for continuous touchpoints with potential investors', 13, 'Premier Investment Destination'),
	(3, 'Commerce & Industry', 'Setup an Investment CoE for tracking innovative mechanisms being followed by nations to attract investments', 13, 'Premier Investment Destination'),
	(3, 'Commerce & Industry', '15+ Plug-and-play industrial parks within a robust ecosystem integrating housing, logistics etc.', 3, 'Titan in Industry'),
	(3, 'Commerce & Industry', 'Sector-specific policies in the new industrial policy & creation of a warehousing policy', 3, 'Titan in Industry'),
	(3, 'Commerce & Industry', 'Expanding microfinance schemes for SMEs and start-ups, fostering collaboration between fintech and incubation hubs', 3, 'Titan in Industry'),
	(3, 'Commerce & Industry', 'Implementing 6-month hands-on apprenticeship programs in top industrial firms, led by industry bodies', 3, 'Titan in Industry'),
	(3, 'Commerce & Industry', 'Steel coordination authority to streamline regulatory approvals with a 90-day clearance window', 3, 'Titan in Industry'),
	(3, 'Commerce & Industry', 'Robust PPP framework focused on private sector investment for industrial parks', 3, 'Titan in Industry'),
	(3, 'Commerce & Industry', 'Streamlining processes & approvals through a comprehensive single-window system', 3, 'Titan in Industry'),
	(3, 'Commerce & Industry', 'Targeted training for sectors like textiles, pharma, steel etc, in ITIs and vocational training centers', 3, 'Titan in Industry'),
	(3, 'Commerce & Industry', 'Conducting roadshows & summits to attract players across sunrise sectors to Chhattisgarh (via Invest CG)', 3, 'Titan in Industry'),
	(3, 'Commerce & Industry', 'Chhattisgarh Startup Policy to allow flexible academic breaks for students who want to pursue startups', 3, 'Titan in Industry'),
	(3, 'Commerce & Industry', 'Setting up Chhattisgarh Startup Mission (CSM) to promote startups in the state', 3, 'Titan in Industry'),
	(3, 'Commerce & Industry', 'Establishing dedicated hubs & training programs for certifications & compliances', 3, 'Titan in Industry'),
	(3, 'Commerce & Industry', 'Industrial development act to empower CSIDC for land acquisition, infrastructure development etc.', 3, 'Titan in Industry'),
	(3, 'Commerce & Industry', 'Development of a quality framework and quality control mechanisms to ensure quality products', 3, 'Titan in Industry'),
	(3, 'Commerce & Industry', 'Creation of a user-friendly mechanism to address commercial and industrial disputes', 3, 'Titan in Industry'),
	(3, 'Commerce & Industry', 'Building efficient storage, transportation, & utility infrastructure across all industrial parks and clusters', 3, 'Titan in Industry'),
	(3, 'Commerce & Industry', 'Development of advanced logistics hubs and MMLPs to integrate road and rail connectivity', 3, 'Titan in Industry'),
	(3, 'Commerce & Industry', 'Establish advanced tech training centers & polytechnics near mines and industrial zones', 3, 'Titan in Industry'),
	(3, 'Commerce & Industry', 'Enhancing Renewable Energy Integration through grid modernization and pumped-hydro projects', 3, 'Titan in Industry'),
	(3, 'Commerce & Industry', 'Providing subsidies for greening in steel sector (improving material & energy efficiency, CCUS etc.)', 3, 'Titan in Industry'),
	(3, 'Commerce & Industry', 'Assisting manufacturers in participating in international trade fairs & securing international buyers', 3, 'Titan in Industry'),
	(3, 'Commerce & Industry', 'CoE and mission for Rare Earth Metals focusing on geotagging, creation of a jewellery zone etc.', 3, 'Titan in Industry'),
	(3, 'Commerce & Industry', 'Developing new financial instruments like green bonds and sustainability-linked loans', 3, 'Titan in Industry'),
	(3, 'Commerce & Industry', 'Sector-specific incubation centers, developing Chhattisgarh into a world-class R&D hub & Design CoE', 3, 'Titan in Industry'),
	(3, 'Commerce & Industry', 'Developing decarbonization roadmaps for key sectors like metals, agriculture, and cement', 3, 'Titan in Industry'),
	(3, 'Commerce & Industry', 'Incentivizing & formalizing waste and scrap recycling to promote sustainability', 3, 'Titan in Industry'),
	(3, 'Commerce & Industry', 'Integrating Industry 4.0 technologies across industrial clusters to drive digital transformation', 3, 'Titan in Industry'),
	(3, 'Commerce & Industry', 'Development of IT ecosystem (3 IT parks (1 by 2025, 3 by 2027), BPOs in 11 & data centers in 2 districts)', 6, 'Expansion into AI & IT services'),
	(3, 'Commerce & Industry', 'Providing guaranteed access to affordable land and reliable power & internet, linked to creation of jobs', 6, 'Expansion into AI & IT services'),
	(3, 'Commerce & Industry', 'Targeted IT policy with customized incentives: Tax holidays, streamlined cybercrime regulations', 6, 'Expansion into AI & IT services'),
	(6, 'Electronics & IT', 'Partnerships with anchor companies for infrastructure development & setting up GCCs', 6, 'Expansion into AI & IT services'),
	(3, 'Commerce & Industry', 'Dedicated Rural BPO Policy, capital subsidies and incentives for hiring of women & differently-abled', 6, 'Expansion into AI & IT services'),
	(3, 'Commerce & Industry', 'Upskilling the rural workforce in essential digital tools, government schemes, and fluency in Hindi', 6, 'Expansion into AI & IT services'),
	(12, 'Housing & Environment', 'Prioritizing completion of public transport, water, electricity, and high-speed internet in Naya Raipur', 6, 'Expansion into AI & IT services'),
	(3, 'Commerce & Industry', 'Rolling out a targeted marketing campaign showcasing Naya Raipur’s competitive advantages', 6, 'Expansion into AI & IT services'),
	(6, 'Electronics & IT', 'Creating and supporting private and public incubators/accelerators to foster innovation and upskilling', 6, 'Expansion into AI & IT services'),
	(3, 'Commerce & Industry', 'Invest CG to host national and international roadshows', 6, 'Expansion into AI & IT services'),
	(12, 'Housing & Environment', 'Development of robust social infrastructure, including housing & good schools to attract & retain talent', 6, 'Expansion into AI & IT services'),
	(6, 'Electronics & IT', 'State departments to allocate 5% of their budget towards improving IT infrastructure', 6, 'Expansion into AI & IT services'),
	(3, 'Commerce & Industry', 'Establish a dedicated task force to oversee implementation of the 90-day clearance rule in Naya Raipur', 6, 'Expansion into AI & IT services'),
	(6, 'Electronics & IT', 'Inviting hyperscale data center operators (Amazon Web Services, Google Cloud) to set up data centers', 6, 'Expansion into AI & IT services'),
	(6, 'Electronics & IT', 'Implementing advanced disaster recovery solutions, including multi-zone redundancy & data encryption', 6, 'Expansion into AI & IT services'),
	(3, 'Commerce & Industry', 'Development of IT ecosystem (3 IT parks (1 by 2025, 3 by 2027), BPOs in 11 & data centers in 2 districts)', 6, 'Expansion into AI & IT services'),
	(3, 'Commerce & Industry', 'Providing guaranteed access to affordable land and reliable power & internet, linked to creation of jobs', 6, 'Expansion into AI & IT services'),
	(3, 'Commerce & Industry', 'Targeted IT policy with customized incentives: Tax holidays, streamlined cybercrime regulations', 6, 'Expansion into AI & IT services'),
	(6, 'Electronics & IT', 'Partnerships with anchor companies for infrastructure development & setting up GCCs', 6, 'Expansion into AI & IT services'),
	(3, 'Commerce & Industry', 'Dedicated Rural BPO Policy, capital subsidies and incentives for hiring of women & differently-abled', 6, 'Expansion into AI & IT services'),
	(3, 'Commerce & Industry', 'Upskilling the rural workforce in essential digital tools, government schemes, and fluency in Hindi', 6, 'Expansion into AI & IT services'),
	(12, 'Housing & Environment', 'Prioritizing completion of public transport, water, electricity, and high-speed internet in Naya Raipur', 6, 'Expansion into AI & IT services'),
	(3, 'Commerce & Industry', 'Rolling out a targeted marketing campaign showcasing Naya Raipur’s competitive advantages', 6, 'Expansion into AI & IT services'),
	(6, 'Electronics & IT', 'Creating and supporting private and public incubators/accelerators to foster innovation and upskilling', 6, 'Expansion into AI & IT services'),
	(3, 'Commerce & Industry', 'Invest CG to host national and international roadshows', 6, 'Expansion into AI & IT services'),
	(12, 'Housing & Environment', 'Development of robust social infrastructure, including housing & good schools to attract & retain talent', 6, 'Expansion into AI & IT services'),
	(6, 'Electronics & IT', 'State departments to allocate 5% of their budget towards improving IT infrastructure', 6, 'Expansion into AI & IT services'),
	(3, 'Commerce & Industry', 'Establish a dedicated task force to oversee implementation of the 90-day clearance rule in Naya Raipur', 6, 'Expansion into AI & IT services'),
	(6, 'Electronics & IT', 'Inviting hyperscale data center operators (Amazon Web Services, Google Cloud) to set up data centers', 6, 'Expansion into AI & IT services'),
	(6, 'Electronics & IT', 'Implementing advanced disaster recovery solutions, including multi-zone redundancy & data encryption', 6, 'Expansion into AI & IT services'),
	(3, 'Commerce & Industry', 'Expediting construction of 6-lane Nagpur-Raipur-Vizag corridor & Raipur-Dhanbad greenfield road', 5, 'Leader in Inland Logistics'),
	(4, 'PWD', 'Expediting construction of 6-lane Nagpur-Raipur-Vizag corridor & Raipur-Dhanbad greenfield road', 5, 'Leader in Inland Logistics'),
	(20, 'Transport', 'Expediting construction of 6-lane Nagpur-Raipur-Vizag corridor & Raipur-Dhanbad greenfield road', 5, 'Leader in Inland Logistics'),
	(3, 'Commerce & Industry', 'Enhance connectivity of rail through development of the Katgora-Dongargarh railway line', 5, 'Leader in Inland Logistics'),
	(20, 'Transport', 'Enhance connectivity of rail through development of the Katgora-Dongargarh railway line', 5, 'Leader in Inland Logistics'),
	(3, 'Commerce & Industry', 'Develop 4 Multi-modal logistics parks, warehousing & logistics hubs on the Raipur-Durg corridor', 5, 'Leader in Inland Logistics'),
	(3, 'Commerce & Industry', 'Install EV charging stations & incentivize adoption of EVs through purchase & parking subsidies', 5, 'Leader in Inland Logistics'),
	(3, 'Commerce & Industry', 'Develop large-scale vehicle scrapping and recycling facilities, aligning with national scrappage policies', 5, 'Leader in Inland Logistics'),
	(3, 'Commerce & Industry', 'Collaborate with startups to expedite implementation of smart mobility & logistics e-marketplace', 5, 'Leader in Inland Logistics'),
	(6, 'Electronics & IT', 'Collaborate with startups to expedite implementation of smart mobility & logistics e-marketplace', 5, 'Leader in Inland Logistics'),
	(3, 'Commerce & Industry', 'Logistics policy with enhanced fiscal incentives, tax exemptions, and supportive framework for PPP', 5, 'Leader in Inland Logistics'),
	(3, 'Commerce & Industry', 'Expediting development of Bilaspur-Pathrapali corridor', 5, 'Leader in Inland Logistics'),
	(4, 'PWD', 'Expediting development of Bilaspur-Pathrapali corridor', 5, 'Leader in Inland Logistics'),
	(3, 'Commerce & Industry', 'Increasing connectivity to Paradip port through Sambalpur & Cuttack', 5, 'Leader in Inland Logistics'),
	(4, 'PWD', 'Increasing connectivity to Paradip port through Sambalpur & Cuttack', 5, 'Leader in Inland Logistics'),
	(3, 'Commerce & Industry', 'Enhancing Raipur airport to handle cargo & upgrading category licenses of other airports', 5, 'Leader in Inland Logistics'),
	(5, 'Aviation', 'Enhancing Raipur airport to handle cargo & upgrading category licenses of other airports', 5, 'Leader in Inland Logistics'),
	(3, 'Commerce & Industry', 'Establishing low-cost cold storage & warehouse units in Bastar, Surguja, Jashpur & Raigarh', 5, 'Leader in Inland Logistics'),
	(1, 'Agriculture', 'Establishing low-cost cold storage & warehouse units in Bastar, Surguja, Jashpur & Raigarh', 5, 'Leader in Inland Logistics'),
	(3, 'Commerce & Industry', 'Upgrading ITIs to include supply-chain management & automation', 5, 'Leader in Inland Logistics'),
	(3, 'Commerce & Industry', 'Development of railway stations to connect all districts', 5, 'Leader in Inland Logistics'),
	(20, 'Transport', 'Development of railway stations to connect all districts', 5, 'Leader in Inland Logistics'),
	(3, 'Commerce & Industry', 'Construction of railway sidings to coal & iron ore pitheads with integrated terminals', 5, 'Leader in Inland Logistics'),
	(20, 'Transport', 'Construction of railway sidings to coal & iron ore pitheads with integrated terminals', 5, 'Leader in Inland Logistics'),
	(3, 'Commerce & Industry', 'Developing dedicated East-west & North-South freight corridors to streamline cargo movement', 5, 'Leader in Inland Logistics'),
	(4, 'PWD', 'Developing dedicated East-west & North-South freight corridors to streamline cargo movement', 5, 'Leader in Inland Logistics'),
	(3, 'Commerce & Industry', 'Upgrading existing inland container depots in Raipur to handle increased cargo volumes', 5, 'Leader in Inland Logistics'),
	(3, 'Commerce & Industry', 'Upgrading existing inland container depots in Raipur to handle increased cargo volumes', 5, 'Leader in Inland Logistics'),
	(3, 'Commerce & Industry', 'Building data & analytics centers to optimize route planning & improve supply chain visibility', 5, 'Leader in Inland Logistics'),
	(20, 'Transport', 'Building data & analytics centers to optimize route planning & improve supply chain visibility', 5, 'Leader in Inland Logistics'),
	(3, 'Commerce & Industry', 'Implementing automated storage & retrieval systems in warehouses to enhance operational efficiency', 5, 'Leader in Inland Logistics'),
	(20, 'Transport', 'Implementing automated storage & retrieval systems in warehouses to enhance operational efficiency', 5, 'Leader in Inland Logistics'),
	(3, 'Commerce & Industry', 'Investing in autonomous vehicles and drones for last-mile delivery to improve efficiency & reduce costs', 5, 'Leader in Inland Logistics'),
	(20, 'Transport', 'Investing in autonomous vehicles and drones for last-mile delivery to improve efficiency & reduce costs', 5, 'Leader in Inland Logistics'),
	(12, 'Housing & Environment', 'Creation of dedicated RDA for development & coordination of 4 identified urban agglomerations', 11, 'Infrastructure for Thriving Communities with Enriched Lives'),
	(12, 'Housing & Environment', 'Strategic development of the SCR with 10+ mega projects across housing, healthcare, industry etc.', 11, 'Infrastructure for Thriving Communities with Enriched Lives'),
	(22, 'Urban Administration & Panchayat & Rural Development', 'Targeted investments in infra for electricity & full coverage of piped water, 100% tap water by 2030', 11, 'Infrastructure for Thriving Communities with Enriched Lives'),
	(21, 'Urban Administration', 'Scaling smart city initiatives to 5 greenfield cities', 11, 'Infrastructure for Thriving Communities with Enriched Lives'),
	(14, 'Panchayat & Rural Development', 'Greenfield development of 5,000 smart & model villages (500 villages by 2030)', 11, 'Infrastructure for Thriving Communities with Enriched Lives'),
	(20, 'Transport', 'Creation of STC to manage state-wide public transport & UMTA for regional transport development', 11, 'Infrastructure for Thriving Communities with Enriched Lives'),
	(22, 'Urban Administration & Panchayat & Rural Development', 'Developing a strong PPP construct for collaboration with private sector in social infrastructure projects', 11, 'Infrastructure for Thriving Communities with Enriched Lives'),
	(22, 'Urban Administration & Panchayat & Rural Development', 'Community-level sports facilities for promoting sports', 11, 'Infrastructure for Thriving Communities with Enriched Lives'),
	(21, 'Urban Administration', 'Slum redevelopment & integration into city-planning in Raipur', 11, 'Infrastructure for Thriving Communities with Enriched Lives'),
	(21, 'Urban Administration', 'Construction of designated geo-zones (e.g.: Medicity, Education city)', 11, 'Infrastructure for Thriving Communities with Enriched Lives'),
	(12, 'Housing & Environment', 'Master planning of cities & Creating 15-minute cities by implementing zoning regulations', 11, 'Infrastructure for Thriving Communities with Enriched Lives'),
	(12, 'Housing & Environment', 'Policy Frameworks: Developing robust policies and regulations to guide infra development', 11, 'Infrastructure for Thriving Communities with Enriched Lives'),
	(12, 'Housing & Environment', 'Organizing targeted investment summits to attract national and international investors', 11, 'Infrastructure for Thriving Communities with Enriched Lives'),
	(12, 'Housing & Environment', 'Developing a detailed project pipeline with land allocation & regulatory support to facilitate investments', 11, 'Infrastructure for Thriving Communities with Enriched Lives'),
	(12, 'Housing & Environment', 'Conducting land audits to identify prime locations for industrial, commercial, and residential projects', 11, 'Infrastructure for Thriving Communities with Enriched Lives'),
	(12, 'Housing & Environment', 'Development of 4 greenfield cities via feasibility and Zoning to assess land suitability', 11, 'Infrastructure for Thriving Communities with Enriched Lives'),
	(1, 'Agriculture', 'Develop commodity-specific clusters (pilots for 15 mission)', 1, 'Powerhouse of Agricultural Produce & Processed Superfoods'),
	(1, 'Agriculture', 'Develop commodity-specific clusters (pilots for 15 mission)', 1, 'Powerhouse of Agricultural Produce & Processed Superfoods'),
	(1, 'Agriculture', 'Institutionalize a two-pronged State Paddy Mission', 1, 'Powerhouse of Agricultural Produce & Processed Superfoods'),
	(1, 'Agriculture', 'Institutionalize a two-pronged State Paddy Mission', 1, 'Powerhouse of Agricultural Produce & Processed Superfoods'),
	(1, 'Agriculture', 'Launch Agri & Allied Export Promotion Policy', 1, 'Powerhouse of Agricultural Produce & Processed Superfoods'),
	(1, 'Agriculture', 'Launch Agri & Allied Export Promotion Policy', 1, 'Powerhouse of Agricultural Produce & Processed Superfoods'),
	(1, 'Agriculture', 'Set-up Agri Export Zones in convergence with APEDA', 1, 'Powerhouse of Agricultural Produce & Processed Superfoods'),
	(1, 'Agriculture', 'Set-up Agri Export Zones in convergence with APEDA', 1, 'Powerhouse of Agricultural Produce & Processed Superfoods'),
	(1, 'Agriculture', 'Strong regional brand for Chhattisgarh\'s produce', 1, 'Powerhouse of Agricultural Produce & Processed Superfoods'),
	(1, 'Agriculture', 'Set-up Village Export Hubs in convergence with APEDA', 1, 'Powerhouse of Agricultural Produce & Processed Superfoods'),
	(1, 'Agriculture', 'Set-up Village Export Hubs in convergence with APEDA', 1, 'Powerhouse of Agricultural Produce & Processed Superfoods'),
	(1, 'Agriculture', 'Foster dedicated market linkages – domestic and global', 1, 'Powerhouse of Agricultural Produce & Processed Superfoods'),
	(3, 'Commerce & Industry', 'Foster dedicated market linkages – domestic and global', 1, 'Powerhouse of Agricultural Produce & Processed Superfoods'),
	(1, 'Agriculture', 'Scale irrigation-as-a-service – scheme for PAYG via Pvt.', 1, 'Powerhouse of Agricultural Produce & Processed Superfoods'),
	(23, 'Water Resource', 'Scale irrigation-as-a-service – scheme for PAYG via Pvt.', 1, 'Powerhouse of Agricultural Produce & Processed Superfoods'),
	(1, 'Agriculture', 'Launch an irrigation revolving fund with NABARD', 1, 'Powerhouse of Agricultural Produce & Processed Superfoods'),
	(16, 'Rural Industries', 'Launch an irrigation revolving fund with NABARD', 1, 'Powerhouse of Agricultural Produce & Processed Superfoods'),
	(1, 'Agriculture', 'Develop advanced irrigation infrastructure', 1, 'Powerhouse of Agricultural Produce & Processed Superfoods'),
	(23, 'Water Resource', 'Develop advanced irrigation infrastructure', 1, 'Powerhouse of Agricultural Produce & Processed Superfoods'),
	(1, 'Agriculture', 'Launch FPO Mentorship Program with NABARD', 1, 'Powerhouse of Agricultural Produce & Processed Superfoods'),
	(16, 'Rural Industries', 'Launch FPO Mentorship Program with NABARD', 1, 'Powerhouse of Agricultural Produce & Processed Superfoods'),
	(1, 'Agriculture', 'Implement seamless phygital commerce for FPOs', 1, 'Powerhouse of Agricultural Produce & Processed Superfoods'),
	(6, 'Electronics & IT', 'Implement seamless phygital commerce for FPOs', 1, 'Powerhouse of Agricultural Produce & Processed Superfoods'),
	(1, 'Agriculture', 'Incentivize FPOs registered on national portals', 1, 'Powerhouse of Agricultural Produce & Processed Superfoods'),
	(1, 'Agriculture', 'Set-up a biotech CoE in Raipur in PPP', 1, 'Powerhouse of Agricultural Produce & Processed Superfoods'),
	(1, 'Agriculture', 'Develop CG as hub for quality seeds and planting material', 1, 'Powerhouse of Agricultural Produce & Processed Superfoods'),
	(1, 'Agriculture', 'Orchestrate an R&D Ecosystem – incentivize academia', 1, 'Powerhouse of Agricultural Produce & Processed Superfoods'),
	(1, 'Agriculture', 'Implement a central land records', 1, 'Powerhouse of Agricultural Produce & Processed Superfoods'),
	(6, 'Electronics & IT', 'Implement a central land records', 1, 'Powerhouse of Agricultural Produce & Processed Superfoods'),
	(1, 'Agriculture', 'State wide mission for 30% organic by 2047', 1, 'Powerhouse of Agricultural Produce & Processed Superfoods'),
	(19, 'Tourism', 'Launch an irrigation revolving fund with NABARD', 1, 'Powerhouse of Agricultural Produce & Processed Superfoods'),
	(1, 'Agriculture', 'Facilitate climate smart practices like INM', 1, 'Powerhouse of Agricultural Produce & Processed Superfoods'),
	(1, 'Agriculture', 'Annadaata to Urjadaata: Biofuel Programme', 1, 'Powerhouse of Agricultural Produce & Processed Superfoods'),
	(1, 'Agriculture', 'Annadaata to Urjadaata: Biofuel Programme', 1, 'Powerhouse of Agricultural Produce & Processed Superfoods'),
	(1, 'Agriculture', 'Launch an Agri Promotion Fund – FOF model', 1, 'Powerhouse of Agricultural Produce & Processed Superfoods'),
	(1, 'Agriculture', 'Launch an Agri Promotion Fund – FOF model', 1, 'Powerhouse of Agricultural Produce & Processed Superfoods'),
	(1, 'Agriculture', 'Increase access to KCCs by forming JLGs', 1, 'Powerhouse of Agricultural Produce & Processed Superfoods'),
	(1, 'Agriculture', 'Ensure price support via organized mandis', 1, 'Powerhouse of Agricultural Produce & Processed Superfoods'),
	(1, 'Agriculture', 'Mission for private anchors & foreign investment', 1, 'Powerhouse of Agricultural Produce & Processed Superfoods'),
	(3, 'Commerce & Industry', 'Mission for private anchors & foreign investment', 1, 'Powerhouse of Agricultural Produce & Processed Superfoods'),
	(1, 'Agriculture', 'Utilize KVKs, RIPA and RSICs as district coordinators', 1, 'Powerhouse of Agricultural Produce & Processed Superfoods'),
	(1, 'Agriculture', 'Set-up ADARSH colleges focused on agriculture', 1, 'Powerhouse of Agricultural Produce & Processed Superfoods'),
	(11, 'Higher Education', 'Set-up ADARSH colleges focused on agriculture', 1, 'Powerhouse of Agricultural Produce & Processed Superfoods'),
	(1, 'Agriculture', 'Partner with start-ups to implement agri-tech solutions', 1, 'Powerhouse of Agricultural Produce & Processed Superfoods'),
	(1, 'Agriculture', 'Integrated sensor technologies like drones', 1, 'Powerhouse of Agricultural Produce & Processed Superfoods'),
	(1, 'Agriculture', 'Targeted program for agriculturally backward areas', 1, 'Powerhouse of Agricultural Produce & Processed Superfoods'),
	(1, 'Agriculture', 'Pilot agro-tourism', 1, 'Powerhouse of Agricultural Produce & Processed Superfoods'),
	(19, 'Tourism', 'Pilot agro-tourism', 1, 'Powerhouse of Agricultural Produce & Processed Superfoods'),
	(7, 'Energy', 'Dedicated cell for Renewable Energy under Energy dept.', 9, 'Leader in Sustainable and Renewables led Development'),
	(7, 'Energy', 'Inaugurating floating solar plants on 5 key reservoirs', 9, 'Leader in Sustainable and Renewables led Development'),
	(23, 'Water Resource', 'Inaugurating floating solar plants on 5 key reservoirs', 9, 'Leader in Sustainable and Renewables led Development'),
	(7, 'Energy', 'Solarization of agri. & households under central schemes', 9, 'Leader in Sustainable and Renewables led Development'),
	(1, 'Agriculture', 'Solarization of agri. & households under central schemes', 9, 'Leader in Sustainable and Renewables led Development'),
	(7, 'Energy', 'Scaling PSPs on major rivers in PPP', 9, 'Leader in Sustainable and Renewables led Development'),
	(3, 'Commerce & Industry', 'Scaling PSPs on major rivers in PPP', 9, 'Leader in Sustainable and Renewables led Development'),
	(1, 'Agriculture', 'Setting a biofuel CoE for a state biofuel program', 9, 'Leader in Sustainable and Renewables led Development'),
	(7, 'Energy', 'Setting a biofuel CoE for a state biofuel program', 9, 'Leader in Sustainable and Renewables led Development'),
	(7, 'Energy', '100% fly ash utilization basis MoEF norms', 9, 'Leader in Sustainable and Renewables led Development'),
	(12, 'Housing & Environment', '100% fly ash utilization basis MoEF norms', 9, 'Leader in Sustainable and Renewables led Development'),
	(7, 'Energy', 'Decarbonization of thermal plants via CCUS and FGD1', 9, 'Leader in Sustainable and Renewables led Development'),
	(12, 'Housing & Environment', 'Decarbonization of thermal plants via CCUS and FGD1', 9, 'Leader in Sustainable and Renewables led Development'),
	(3, 'Commerce & Industry', 'Defining policies for greening of 6 priority sectors', 9, 'Leader in Sustainable and Renewables led Development'),
	(1, 'Agriculture', 'Defining policies for greening of 6 priority sectors', 9, 'Leader in Sustainable and Renewables led Development'),
	(13, 'Mining', 'Taskforce under mining dept. for governance of MCPs', 9, 'Leader in Sustainable and Renewables led Development'),
	(13, 'Mining', 'Taskforce under mining dept. for governance of MCPs', 9, 'Leader in Sustainable and Renewables led Development'),
	(12, 'Housing & Environment', 'Plastic-free Chhattisgarh: ban on single-use plastics', 9, 'Leader in Sustainable and Renewables led Development'),
	(21, 'Urban Administration', 'Plastic-free Chhattisgarh: ban on single-use plastics', 9, 'Leader in Sustainable and Renewables led Development'),
	(12, 'Housing & Environment', 'Scaling waste processing infra – 25 STPs, 2 CETPs', 9, 'Leader in Sustainable and Renewables led Development'),
	(21, 'Urban Administration', 'Scaling waste processing infra – 25 STPs, 2 CETPs', 9, 'Leader in Sustainable and Renewables led Development'),
	(12, 'Housing & Environment', 'Setting up a waste-to-energy plant in Raipur', 9, 'Leader in Sustainable and Renewables led Development'),
	(7, 'Energy', 'Setting up a waste-to-energy plant in Raipur', 9, 'Leader in Sustainable and Renewables led Development'),
	(12, 'Housing & Environment', 'Launching a digital marketplace for e2e waste cycle', 9, 'Leader in Sustainable and Renewables led Development'),
	(6, 'Electronics & IT', 'Launching a digital marketplace for e2e waste cycle', 9, 'Leader in Sustainable and Renewables led Development'),
	(8, 'Forest', 'Eco-restoration of open forests and damaged land', 9, 'Leader in Sustainable and Renewables led Development'),
	(8, 'Forest', 'Increasing ToF area via urban green spaces & agroforestry', 9, 'Leader in Sustainable and Renewables led Development'),
	(8, 'Forest', 'Conserving wetlands under Ramsar convention', 9, 'Leader in Sustainable and Renewables led Development'),
	(23, 'Water Resource', 'Conserving wetlands under Ramsar convention', 9, 'Leader in Sustainable and Renewables led Development'),
	(23, 'Water Resource', 'Launching state water policy, basins plan, SWIC & tariff system', 9, 'Leader in Sustainable and Renewables led Development'),
	(6, 'Electronics & IT', 'Launching state water policy, basins plan, SWIC & tariff system', 9, 'Leader in Sustainable and Renewables led Development'),
	(23, 'Water Resource', 'Setting micro-irrigation projects and piped infrastructure', 9, 'Leader in Sustainable and Renewables led Development'),
	(1, 'Agriculture', 'Setting micro-irrigation projects and piped infrastructure', 9, 'Leader in Sustainable and Renewables led Development'),
	(23, 'Water Resource', 'Large scale recharge of groundwater via anicuts & aquifers', 9, 'Leader in Sustainable and Renewables led Development'),
	(23, 'Water Resource', 'Establishing Water Users Association; & WALMI for capacity build', 9, 'Leader in Sustainable and Renewables led Development'),
	(23, 'Water Resource', 'Establishing Water Users Association; & WALMI for capacity build', 9, 'Leader in Sustainable and Renewables led Development'),
	(12, 'Housing & Environment', 'Institutionalization of informal waste collectors', 9, 'Leader in Sustainable and Renewables led Development'),
	(7, 'Energy', 'Dedicated cell for Renewable Energy under Energy dept.', 9, 'Leader in Sustainable and Renewables led Development'),
	(7, 'Energy', 'Inaugurating floating solar plants on 5 key reservoirs', 9, 'Leader in Sustainable and Renewables led Development'),
	(23, 'Water Resource', 'Inaugurating floating solar plants on 5 key reservoirs', 9, 'Leader in Sustainable and Renewables led Development'),
	(7, 'Energy', 'Solarization of agri. & households under central schemes', 9, 'Leader in Sustainable and Renewables led Development'),
	(1, 'Agriculture', 'Solarization of agri. & households under central schemes', 9, 'Leader in Sustainable and Renewables led Development'),
	(7, 'Energy', 'Scaling PSPs on major rivers in PPP', 9, 'Leader in Sustainable and Renewables led Development'),
	(3, 'Commerce & Industry', 'Scaling PSPs on major rivers in PPP', 9, 'Leader in Sustainable and Renewables led Development'),
	(1, 'Agriculture', 'Setting a biofuel CoE for a state biofuel program', 9, 'Leader in Sustainable and Renewables led Development'),
	(7, 'Energy', 'Setting a biofuel CoE for a state biofuel program', 9, 'Leader in Sustainable and Renewables led Development'),
	(7, 'Energy', '100% fly ash utilization basis MoEF norms', 9, 'Leader in Sustainable and Renewables led Development'),
	(12, 'Housing & Environment', '100% fly ash utilization basis MoEF norms', 9, 'Leader in Sustainable and Renewables led Development'),
	(7, 'Energy', 'Decarbonization of thermal plants via CCUS and FGD1', 9, 'Leader in Sustainable and Renewables led Development'),
	(12, 'Housing & Environment', 'Decarbonization of thermal plants via CCUS and FGD1', 9, 'Leader in Sustainable and Renewables led Development'),
	(3, 'Commerce & Industry', 'Defining policies for greening of 6 priority sectors', 9, 'Leader in Sustainable and Renewables led Development'),
	(1, 'Agriculture', 'Defining policies for greening of 6 priority sectors', 9, 'Leader in Sustainable and Renewables led Development'),
	(13, 'Mining', 'Taskforce under mining dept. for governance of MCPs', 9, 'Leader in Sustainable and Renewables led Development'),
	(13, 'Mining', 'Taskforce under mining dept. for governance of MCPs', 9, 'Leader in Sustainable and Renewables led Development'),
	(12, 'Housing & Environment', 'Plastic-free Chhattisgarh: ban on single-use plastics', 9, 'Leader in Sustainable and Renewables led Development'),
	(21, 'Urban Administration', 'Plastic-free Chhattisgarh: ban on single-use plastics', 9, 'Leader in Sustainable and Renewables led Development'),
	(12, 'Housing & Environment', 'Scaling waste processing infra – 25 STPs, 2 CETPs', 9, 'Leader in Sustainable and Renewables led Development'),
	(21, 'Urban Administration', 'Scaling waste processing infra – 25 STPs, 2 CETPs', 9, 'Leader in Sustainable and Renewables led Development'),
	(12, 'Housing & Environment', 'Setting up a waste-to-energy plant in Raipur', 9, 'Leader in Sustainable and Renewables led Development'),
	(7, 'Energy', 'Setting up a waste-to-energy plant in Raipur', 9, 'Leader in Sustainable and Renewables led Development'),
	(12, 'Housing & Environment', 'Launching a digital marketplace for e2e waste cycle', 9, 'Leader in Sustainable and Renewables led Development'),
	(6, 'Electronics & IT', 'Launching a digital marketplace for e2e waste cycle', 9, 'Leader in Sustainable and Renewables led Development'),
	(8, 'Forest', 'Eco-restoration of open forests and damaged land', 9, 'Leader in Sustainable and Renewables led Development'),
	(8, 'Forest', 'Increasing ToF area via urban green spaces & agroforestry', 9, 'Leader in Sustainable and Renewables led Development'),
	(8, 'Forest', 'Conserving wetlands under Ramsar convention', 9, 'Leader in Sustainable and Renewables led Development'),
	(23, 'Water Resource', 'Conserving wetlands under Ramsar convention', 9, 'Leader in Sustainable and Renewables led Development'),
	(23, 'Water Resource', 'Launching state water policy, basins plan, SWIC & tariff system', 9, 'Leader in Sustainable and Renewables led Development'),
	(6, 'Electronics & IT', 'Launching state water policy, basins plan, SWIC & tariff system', 9, 'Leader in Sustainable and Renewables led Development'),
	(23, 'Water Resource', 'Setting micro-irrigation projects and piped infrastructure', 9, 'Leader in Sustainable and Renewables led Development'),
	(1, 'Agriculture', 'Setting micro-irrigation projects and piped infrastructure', 9, 'Leader in Sustainable and Renewables led Development'),
	(23, 'Water Resource', 'Large scale recharge of groundwater via anicuts & aquifers', 9, 'Leader in Sustainable and Renewables led Development'),
	(23, 'Water Resource', 'Establishing Water Users Association; & WALMI for capacity build', 9, 'Leader in Sustainable and Renewables led Development'),
	(23, 'Water Resource', 'Establishing Water Users Association; & WALMI for capacity build', 9, 'Leader in Sustainable and Renewables led Development'),
	(12, 'Housing & Environment', 'Institutionalization of informal waste collectors', 9, 'Leader in Sustainable and Renewables led Development'),
	(12, 'Housing & Environment', 'Institutionalization of informal waste collectors', 9, 'Leader in Sustainable and Renewables led Development'),
	(8, 'Forest', 'Re-orient Chhattisgarh Herbals brand-positioning', 2, 'Hub for MFP & Herbals'),
	(8, 'Forest', 'Create a dedicated Exports Task Force under MFP Dept.', 2, 'Hub for MFP & Herbals'),
	(3, 'Commerce & Industry', 'Create a dedicated Exports Task Force under MFP Dept.', 2, 'Hub for MFP & Herbals'),
	(8, 'Forest', 'Get GI tags and global certification for key products', 2, 'Hub for MFP & Herbals'),
	(8, 'Forest', 'Global tie-ups for forest-branded natural products', 2, 'Hub for MFP & Herbals'),
	(10, 'Health and Family Welfare', 'Launch Annual Chhattisgarh AYUSH Expo', 2, 'Hub for MFP & Herbals'),
	(3, 'Commerce & Industry', 'Launch Annual Chhattisgarh AYUSH Expo', 2, 'Hub for MFP & Herbals'),
	(10, 'Health and Family Welfare', 'Create an AYUSH pharmacopoeia', 2, 'Hub for MFP & Herbals'),
	(10, 'Health and Family Welfare', 'Set-up an Ayurveda complex – mfg., healthcare, training + teaching', 2, 'Hub for MFP & Herbals'),
	(11, 'Higher Education', 'Set-up an Ayurveda complex – mfg., healthcare, training + teaching', 2, 'Hub for MFP & Herbals'),
	(17, 'School Education', 'Set-up an Ayurveda complex – mfg., healthcare, training + teaching', 2, 'Hub for MFP & Herbals'),
	(18, 'Technical Education and Skill Development', 'Set-up an Ayurveda complex – mfg., healthcare, training + teaching', 2, 'Hub for MFP & Herbals'),
	(10, 'Health and Family Welfare', 'Partner with private sector to develop training courses', 2, 'Hub for MFP & Herbals'),
	(8, 'Forest', 'Partner with private sector to develop training courses', 2, 'Hub for MFP & Herbals'),
	(18, 'Technical Education and Skill Development', 'Partner with private sector to develop training courses', 2, 'Hub for MFP & Herbals'),
	(19, 'Tourism', 'Partner with private sector to develop training courses', 2, 'Hub for MFP & Herbals'),
	(8, 'Forest', 'Run last-mile comprehensive skilling programs via VDVKs', 2, 'Hub for MFP & Herbals'),
	(18, 'Technical Education and Skill Development', 'Run last-mile comprehensive skilling programs via VDVKs', 2, 'Hub for MFP & Herbals'),
	(8, 'Forest', 'Infra. development for a decentralized value-chain', 2, 'Hub for MFP & Herbals'),
	(3, 'Commerce & Industry', 'Infra. development for a decentralized value-chain', 2, 'Hub for MFP & Herbals'),
	(10, 'Health and Family Welfare', 'Ensure AYUSH-accredited facilities at all AMs and DHs', 2, 'Hub for MFP & Herbals'),
	(3, 'Commerce & Industry', 'Create PPP guidelines for resorts, mfg. units, etc.', 2, 'Hub for MFP & Herbals'),
	(10, 'Health and Family Welfare', 'Create PPP guidelines for resorts, mfg. units, etc.', 2, 'Hub for MFP & Herbals'),
	(19, 'Tourism', 'Create PPP guidelines for resorts, mfg. units, etc.', 2, 'Hub for MFP & Herbals'),
	(10, 'Health and Family Welfare', 'Augment existing network of AYUSH facilities', 2, 'Hub for MFP & Herbals'),
	(8, 'Forest', 'Promote sustainable management of forests', 2, 'Hub for MFP & Herbals'),
	(8, 'Forest', 'Promote sustainable management of forests', 2, 'Hub for MFP & Herbals'),
	(8, 'Forest', 'Institutionalize a Steering Committee for vision implementation', 2, 'Hub for MFP & Herbals'),
	(19, 'Tourism', 'Curate a large-scale Wellness Tourism campaign', 2, 'Hub for MFP & Herbals'),
	(10, 'Health and Family Welfare', 'Curate a large-scale Wellness Tourism campaign', 2, 'Hub for MFP & Herbals'),
	(8, 'Forest', 'Establish excellence centers in VDVKs', 2, 'Hub for MFP & Herbals'),
	(19, 'Tourism', 'Establish excellence centers in VDVKs', 2, 'Hub for MFP & Herbals'),
	(8, 'Forest', 'Setup a dedicated e-Marketplace for Van Dhan', 2, 'Hub for MFP & Herbals'),
	(6, 'Electronics & IT', 'Setup a dedicated e-Marketplace for Van Dhan', 2, 'Hub for MFP & Herbals'),
	(8, 'Forest', 'Strengthen Van Dhan Vikas Kendras with PPP linkages', 2, 'Hub for MFP & Herbals'),
	(19, 'Tourism', 'Strengthen Van Dhan Vikas Kendras with PPP linkages', 2, 'Hub for MFP & Herbals'),
	(10, 'Health and Family Welfare', 'Setup 1 CoEs on AYUSH R&D and clinical standards', 2, 'Hub for MFP & Herbals'),
	(8, 'Forest', 'Empower tribal co-ops for direct marketing', 2, 'Hub for MFP & Herbals'),
	(8, 'Forest', 'Implement e-extension service in VDVKs in PPP-mode', 2, 'Hub for MFP & Herbals'),
	(19, 'Tourism', 'Implement e-extension service in VDVKs in PPP-mode', 2, 'Hub for MFP & Herbals'),
	(8, 'Forest', 'Develop a branded-line of CG Herbals high-value products', 2, 'Hub for MFP & Herbals'),
	(19, 'Tourism', 'Phased operationalization of DMOs', 4, 'Tourism - Celebrating Chhattisgarh’s Natural & Cultural Tapestry'),
	(19, 'Tourism', 'Phased operationalization of DMOs', 4, 'Tourism - Celebrating Chhattisgarh’s Natural & Cultural Tapestry'),
	(19, 'Tourism', 'Revamp of Chhattisgarh Tourism Policy', 4, 'Tourism - Celebrating Chhattisgarh’s Natural & Cultural Tapestry'),
	(5, 'Aviation', 'Revamp of Chhattisgarh Tourism Policy', 4, 'Tourism - Celebrating Chhattisgarh’s Natural & Cultural Tapestry'),
	(19, 'Tourism', 'Improvement in air connectivity', 4, 'Tourism - Celebrating Chhattisgarh’s Natural & Cultural Tapestry'),
	(19, 'Tourism', 'Last-mile-road-connectivity in phase-1 clusters', 4, 'Tourism - Celebrating Chhattisgarh’s Natural & Cultural Tapestry'),
	(19, 'Tourism', 'Last-mile-road-connectivity in phase-1 clusters', 4, 'Tourism - Celebrating Chhattisgarh’s Natural & Cultural Tapestry'),
	(19, 'Tourism', 'Launch tourist shuttles', 4, 'Tourism - Celebrating Chhattisgarh’s Natural & Cultural Tapestry'),
	(19, 'Tourism', 'Launch tourist shuttles', 4, 'Tourism - Celebrating Chhattisgarh’s Natural & Cultural Tapestry'),
	(19, 'Tourism', 'Develop mobility experiences', 4, 'Tourism - Celebrating Chhattisgarh’s Natural & Cultural Tapestry'),
	(19, 'Tourism', 'Develop mobility experiences', 4, 'Tourism - Celebrating Chhattisgarh’s Natural & Cultural Tapestry'),
	(19, 'Tourism', 'Launch state-level investment incentive scheme', 4, 'Tourism - Celebrating Chhattisgarh’s Natural & Cultural Tapestry'),
	(19, 'Tourism', 'Launch state-level investment incentive scheme', 4, 'Tourism - Celebrating Chhattisgarh’s Natural & Cultural Tapestry'),
	(19, 'Tourism', 'Set-up window for investor hand-holding services at DMOs', 4, 'Tourism - Celebrating Chhattisgarh’s Natural & Cultural Tapestry'),
	(19, 'Tourism', 'Set-up window for investor hand-holding services at DMOs', 4, 'Tourism - Celebrating Chhattisgarh’s Natural & Cultural Tapestry'),
	(19, 'Tourism', 'Define a bed tax policy for luxury accommodations', 4, 'Tourism - Celebrating Chhattisgarh’s Natural & Cultural Tapestry'),
	(19, 'Tourism', 'Establish credit facility for small-scale entrepreneurs', 4, 'Tourism - Celebrating Chhattisgarh’s Natural & Cultural Tapestry'),
	(3, 'Commerce & Industry', 'Establish credit facility for small-scale entrepreneurs', 4, 'Tourism - Celebrating Chhattisgarh’s Natural & Cultural Tapestry'),
	(19, 'Tourism', 'Infra. for authenticity tags for locally run businesses', 4, 'Tourism - Celebrating Chhattisgarh’s Natural & Cultural Tapestry'),
	(19, 'Tourism', 'Infra. for authenticity tags for locally run businesses', 4, 'Tourism - Celebrating Chhattisgarh’s Natural & Cultural Tapestry'),
	(19, 'Tourism', 'Set-up dedicated ADARSH colleges for tourism', 4, 'Tourism - Celebrating Chhattisgarh’s Natural & Cultural Tapestry'),
	(11, 'Higher Education', 'Set-up dedicated ADARSH colleges for tourism', 4, 'Tourism - Celebrating Chhattisgarh’s Natural & Cultural Tapestry'),
	(17, 'School Education', 'Set-up dedicated ADARSH colleges for tourism', 4, 'Tourism - Celebrating Chhattisgarh’s Natural & Cultural Tapestry'),
	(18, 'Technical Education and Skill Development', 'Set-up dedicated ADARSH colleges for tourism', 4, 'Tourism - Celebrating Chhattisgarh’s Natural & Cultural Tapestry'),
	(19, 'Tourism', 'Design curriculum; and run training programs', 4, 'Tourism - Celebrating Chhattisgarh’s Natural & Cultural Tapestry'),
	(19, 'Tourism', 'Design curriculum; and run training programs', 4, 'Tourism - Celebrating Chhattisgarh’s Natural & Cultural Tapestry'),
	(19, 'Tourism', 'Develop branding & marketing strategy', 4, 'Tourism - Celebrating Chhattisgarh’s Natural & Cultural Tapestry'),
	(19, 'Tourism', 'Develop branding & marketing strategy', 4, 'Tourism - Celebrating Chhattisgarh’s Natural & Cultural Tapestry'),
	(19, 'Tourism', 'Launch an integrated tourism portal', 4, 'Tourism - Celebrating Chhattisgarh’s Natural & Cultural Tapestry'),
	(6, 'Electronics & IT', 'Launch an integrated tourism portal', 4, 'Tourism - Celebrating Chhattisgarh’s Natural & Cultural Tapestry'),
	(19, 'Tourism', 'Set-up data collection systems', 4, 'Tourism - Celebrating Chhattisgarh’s Natural & Cultural Tapestry'),
	(6, 'Electronics & IT', 'Set-up data collection systems', 4, 'Tourism - Celebrating Chhattisgarh’s Natural & Cultural Tapestry'),
	(19, 'Tourism', 'Add an analytics layer on top of data management software', 4, 'Tourism - Celebrating Chhattisgarh’s Natural & Cultural Tapestry'),
	(6, 'Electronics & IT', 'Add an analytics layer on top of data management software', 4, 'Tourism - Celebrating Chhattisgarh’s Natural & Cultural Tapestry'),
	(2, 'Art & Culture', 'Documentation & conservation campaign', 10, 'Art and Culture Capital of India'),
	(2, 'Art & Culture', 'Learner & master support scheme', 10, 'Art and Culture Capital of India'),
	(15, 'Public Relations Dept', 'Collaboration with designers & private brands', 10, 'Art and Culture Capital of India'),
	(19, 'Tourism', 'Incentives for portrayal of culture in Film Tourism Policy', 10, 'Art and Culture Capital of India'),
	(2, 'Art & Culture', 'Development of heritage sites & adoption scheme', 10, 'Art and Culture Capital of India'),
	(2, 'Art & Culture', 'Digital library and archiving system', 10, 'Art and Culture Capital of India'),
	(2, 'Art & Culture', 'Digital marketplace and D2C website upgradation', 10, 'Art and Culture Capital of India'),
	(17, 'School Education', 'Integration of art & culture in school curriculum', 10, 'Art and Culture Capital of India'),
	(2, 'Art & Culture', 'Integration of art & culture in school curriculum', 10, 'Art and Culture Capital of India'),
	(2, 'Art & Culture', 'Mega cultural festival in Chhattisgarh', 10, 'Art and Culture Capital of India'),
	(19, 'Tourism', 'Mega cultural festival in Chhattisgarh', 10, 'Art and Culture Capital of India'),
	(2, 'Art & Culture', 'DIY product kits for Chhattisgarhi handicrafts', 10, 'Art and Culture Capital of India'),
	(11, 'Higher Education', 'Develop and position IKSV as the premier Music & Arts college of India; Art & Culture colleges development across divisions (Adarsh Colleges)', 10, 'Art and Culture Capital of India'),
	(2, 'Art & Culture', 'Develop State Tribal Museum', 10, 'Art and Culture Capital of India'),
	(2, 'Art & Culture', 'Establishing Divisional Cultural Center', 10, 'Art and Culture Capital of India'),
	(2, 'Art & Culture', 'Develop Virtual Museum Tours', 10, 'Art and Culture Capital of India'),
	(2, 'Art & Culture', 'Expansion of Gadh Kalewas in Metro cities', 10, 'Art and Culture Capital of India');

-- Dumping structure for table cg_anjor_vision.initiative_summary
CREATE TABLE IF NOT EXISTS `initiative_summary` (
  `initiative_title` varchar(255) CHARACTER SET utf8mb4 COLLATE utf8mb4_general_ci NOT NULL,
  `dept_id` int(11) DEFAULT NULL,
  `term` enum('S','M','L') CHARACTER SET utf8mb4 COLLATE utf8mb4_general_ci DEFAULT 'S' COMMENT 'S=''Short Term'' , M=''Mid Term'' , L=''Long Term''',
  `owner` enum('P','S') CHARACTER SET utf8mb4 COLLATE utf8mb4_general_ci DEFAULT 'P' COMMENT 'P=''Primary'', S=''Secondary'''
) ENGINE=InnoDB DEFAULT CHARSET=utf8mb4 COLLATE=utf8mb4_unicode_ci;

-- Dumping data for table cg_anjor_vision.initiative_summary: ~419 rows (approximately)
INSERT INTO `initiative_summary` (`initiative_title`, `dept_id`, `term`, `owner`) VALUES
	('Setup 10 Model International Schools, School Complexes / Clusters (where feasible)', 17, 'M', 'P'),
	('Setup state-level ECCE committee', 17, 'S', 'P'),
	('Setup Science City in Nava Raipur', 17, 'M', 'P'),
	('FLN improvement: Launch a Digital App for AI-assisted lesson planning, personalized attention, etc.', 17, 'S', 'P'),
	('Initiate Blended Learning Models from Class VI onwards with mix of vocational and theoretical courses', 17, 'S', 'P'),
	('Setup 36 Adarsh Institutes (1 in each division, incl. domain-specific institutes like Arts & Craft Uni.)', 11, 'M', 'P'),
	('Setup State Higher Education Mission for higher education quality standards', 11, 'S', 'P'),
	('Entrepreneurship: Create Startup Policy and Launch State-Level Startup Challenge / Conclave', 18, 'S', 'P'),
	('Quality: Ensure 100% accreditation from NBA and NAAC for all technical institutes', 18, 'S', 'P'),
	('Infrastructure: Setup 11 Chhattisgarh Institutes of Technology (CGITs) (at-par with NITs)', 18, 'S', 'P'),
	('Research & Development: Establish Innovation Hubs in all institutes and Industry-sponsored labs', 18, 'M', 'P'),
	('Techfests: Have all Technical Institutes organizing national-level techfests with global participants', 18, 'S', 'P'),
	('NEP: Implement all provisions of NEP 2020', 17, 'S', 'P'),
	('NEP: Implement all provisions of NEP 2020', 11, 'S', 'P'),
	('NEP: Implement all provisions of NEP 2020', 17, 'S', 'P'),
	('NEP: Implement all provisions of NEP 2020', 18, 'S', 'P'),
	('Setup a Global Skills University', 18, 'L', 'P'),
	('Setup Knowledge Society of Chhattisgarh for annual skilling review, skilling policy, curriculum refresh', 18, 'S', 'P'),
	('Setup Industry-led Rural Skilling Labs (including mobile labs)', 18, 'S', 'P'),
	('Ensure 100% accreditation from NCVT for all ITIs', 18, 'S', 'P'),
	('Reimagine governance of higher, technical & skilling bodies (Potential to consider setup of unified Department with separate directorates / verticals)', 11, 'M', 'P'),
	('Reimagine governance of higher, technical & skilling bodies (Potential to consider setup of unified Department with separate directorates / verticals)', 18, 'M', 'P'),
	('Implement first-language based curriculum & setup high quality hostels for teachers & students', 17, 'S', 'P'),
	('Establish Nava Raipur as an Education City', 11, 'M', 'P'),
	('Establish Nava Raipur as an Education City', 17, 'M', 'P'),
	('Establish Nava Raipur as an Education City', 18, 'M', 'P'),
	('Establish Nava Raipur as an Education City', 22, 'M', 'P'),
	('Setup Aarogya Chhattisgarh as a Population-based Health Management Program', 10, 'S', 'P'),
	('Setup State-Wide Nutrition Mission', 10, 'S', 'P'),
	('Develop Healthcare Workforce Policy for compensating shortages via multiple routes', 10, 'S', 'P'),
	('Setup 5 Medi-Cities (1 in each division)', 10, 'S', 'P'),
	('Setup 5 state-of-the-art Skill Labs (1 in each division) – integrated with a Learning Management SYSTEM', 10, 'S', 'P'),
	('Create a Public-facing Quality Ranking System for state medical education institutes', 10, 'M', 'P'),
	('Ensure 100% ABDM-enablement of state healthcare facilities & population', 10, 'S', 'P'),
	('Make digital systems workflow-based with higher value for FLWs', 10, 'S', 'P'),
	('Strengthen existing systems to handle large-scale digitization of healthcare', 10, 'S', 'P'),
	('Setup Health AI Lab in AIIMS Raipur, in partnership with private sector', 10, 'L', 'P'),
	('Launch Aajeevani App for mobile & text-based awareness on high-priority topics', 10, 'M', 'P'),
	('Conduct district-level surveys for collecting granular data on district-wise indicators', 10, 'S', 'P'),
	('Create public-facing digital scorecards for districts, facilities as well as care workers', 10, 'S', 'P'),
	('Setup a Digital Control Tower to provide one-stop view of real-time healthcare metrics', 10, 'L', 'P'),
	('Align fiscal allocations with performance', 10, 'M', 'P'),
	('Augment outreach efforts towards MDBs / DFIs to raise soft loans & setup dedicated health funds', 10, 'M', 'P'),
	('Create an attractive PPP policy for healthcare infra, including incentives for targeted CSR-spends', 10, 'S', 'P'),
	('Ensure 100% healthcare insurance for each household, with enhanced cover of INR 10 Lakh per person', 10, 'S', 'P'),
	('Enhance network of Jan Aushadhi Kendras to provide affordable drugs', 10, 'S', 'P'),
	('Increase capacity of SCs, PHCs, CHCs in rural areas to bridge the shortfall', 10, 'S', 'P'),
	('Have atleast 5 high-tech, fully stocked and well-equipped CHCs in each district', 10, 'S', 'P'),
	('Have atleast 1 world-class tertiary care hospital in each district', 10, 'M', 'P'),
	('Setup atleast 1 Varishtha Jeevansathi Kendra in each district', 10, 'M', 'P'),
	('Develop necessary transport infrastructure for better connectivity to underserved regions', 6, 'S', 'P'),
	('Setup 3 Healthcare SEZs – Pharmaceutical SEZ, Medical Equipment SEZ, Healthcare IT SEZ', 6, 'L', 'P'),
	('Develop guidelines for a Green Corridor system', 6, 'L', 'P'),
	('Augment R&D labs with state-of-the-art infrastructure', 6, 'S', 'P'),
	('Establish a Centre for Epidemiological Research', 6, 'S', 'P'),
	('Provide research-linked incentives for commercialization-oriented research in new-age technologies', 10, 'M', 'P'),
	('Setup a State Clinical Standards Unit for designing value-based KPIs and clinical protocols', 10, 'M', 'P'),
	('Jan Sewa Portal (e-District 2.0): One-stop portal for all citizen services, with Lok Seva Guarantees linked to service delivery metrics', 6, 'S', 'P'),
	('1 Family, 1 Identifier to track beneficiaries & disseminate household services', 9, 'M', 'P'),
	('Sugam Vyapar Portal: Single Window System 3.0 for businesses, with enhanced service coverage & quality', 6, 'S', 'P'),
	('Digital & Data Backbone: Building robust IT architecture including data lakes, capturing data bottom-up, etc. with strategic partners like MSPs', 9, 'S', 'P'),
	('Digi Sewa Portal: Single portal for empanelment of vendors, experts, etc.', 9, 'S', 'P'),
	('E-Governance Dashboard: For monitoring key performance indicators including focus on back-end', 9, 'S', 'P'),
	('Govt. Process Re-engineering: Annual review of department-level processes for a streamlined and simplified experience', 6, 'S', 'P'),
	('Paperless Governance: Adoption of e-office across departments with inter-operability across platforms', 9, 'S', 'P'),
	('HR reforms: Outcome-oriented performance management, optimal mix of private & govt. talent', 9, 'M', 'P'),
	('IT-Specialist Cadre: Digital & Data Officers in each department', 9, 'S', 'P'),
	('Structured Capability Building: Structured training programs basis capability gaps & new-age skills', 9, 'S', 'P'),
	('Project orientation & implementation focus: Defined timelines, SPVs, missions, floating cross-functional resources, etc.', 9, 'S', 'P'),
	('Convergent governance via inter-departmental committees, review cadences / retreats etc. on key topics', 9, 'S', 'P'),
	('Connected Chhattisgarh: Last-mile connectivity to all regions with 100% high-speed broadband penetration', 9, 'S', 'P'),
	('Self-reliant Local Bodies: Better sharing of resources (financial & manpower) with focus on financial self-sustenance', 9, 'M', 'P'),
	('Jan Bhagidari: Regular citizen engagement for crowdsourcing ideas, citizen feedback, etc.', 9, 'S', 'P'),
	('Quality ratings based on citizen feedback for all government services', 9, 'M', 'P'),
	('Identify priority sectors & create competitive policies – offering better RoI for investors than competing states', 3, 'S', 'P'),
	('Setup Invest Chhattisgarh - CG\'s Investment Promotion & Facilitation Body with best-in-class organization structure', 3, 'S', 'P'),
	('Organize regional events / roadshows & a Global Investors Summit – inviting local, national and global industrialists & other dignitaries', 3, 'M', 'P'),
	('Setup a Lead Conversion Unit for handholding high-potential investors and for on-ground conversion', 3, 'M', 'P'),
	('Setup 3 Trade Expo Properties for promoting state\'s top products (e.g., Annual Mango Exhibition in Jashpur Expo Centre)', 3, 'M', 'P'),
	('Setup regional offices in Delhi, Mumbai, Bengaluru & other major cities for continuous touchpoints with potential investors', 3, 'L', 'P'),
	('Setup an Investment CoE for tracking innovative mechanisms being followed by nations to attract investments', 3, 'L', 'P'),
	('15+ Plug-and-play industrial parks within a robust ecosystem integrating housing, logistics etc.', 3, 'S', 'P'),
	('Sector-specific policies in the new industrial policy & creation of a warehousing policy', 3, 'S', 'P'),
	('Expanding microfinance schemes for SMEs and start-ups, fostering collaboration between fintech and incubation hubs', 3, 'S', 'P'),
	('Implementing 6-month hands-on apprenticeship programs in top industrial firms, led by industry bodies', 3, 'S', 'P'),
	('Steel coordination authority to streamline regulatory approvals with a 90-day clearance window', 3, 'S', 'P'),
	('Robust PPP framework focused on private sector investment for industrial parks', 3, 'S', 'P'),
	('Streamlining processes & approvals through a comprehensive single-window system', 3, 'S', 'P'),
	('Targeted training for sectors like textiles, pharma, steel etc, in ITIs and vocational training centers', 3, 'S', 'P'),
	('Conducting roadshows & summits to attract players across sunrise sectors to Chhattisgarh (via Invest CG)', 3, 'S', 'P'),
	('Chhattisgarh Startup Policy to allow flexible academic breaks for students who want to pursue startups', 3, 'S', 'P'),
	('Setting up Chhattisgarh Startup Mission (CSM) to promote startups in the state', 3, 'S', 'P'),
	('Establishing dedicated hubs & training programs for certifications & compliances', 3, 'M', 'P'),
	('Industrial development act to empower CSIDC for land acquisition, infrastructure development etc.', 3, 'M', 'P'),
	('Development of a quality framework and quality control mechanisms to ensure quality products', 3, 'M', 'P'),
	('Creation of a user-friendly mechanism to address commercial and industrial disputes', 3, 'M', 'P'),
	('Building efficient storage, transportation, & utility infrastructure across all industrial parks and clusters', 3, 'M', 'P'),
	('Development of advanced logistics hubs and MMLPs to integrate road and rail connectivity', 3, 'M', 'P'),
	('Establish advanced tech training centers & polytechnics near mines and industrial zones', 3, 'M', 'P'),
	('Enhancing Renewable Energy Integration through grid modernization and pumped-hydro projects', 3, 'M', 'P'),
	('Providing subsidies for greening in steel sector (improving material & energy efficiency, CCUS etc.)', 3, 'M', 'P'),
	('Assisting manufacturers in participating in international trade fairs & securing international buyers', 3, 'M', 'P'),
	('CoE and mission for Rare Earth Metals focusing on geotagging, creation of a jewellery zone etc.', 3, 'M', 'P'),
	('Developing new financial instruments like green bonds and sustainability-linked loans', 3, 'L', 'P'),
	('Sector-specific incubation centers, developing Chhattisgarh into a world-class R&D hub & Design CoE', 3, 'L', 'P'),
	('Developing decarbonization roadmaps for key sectors like metals, agriculture, and cement', 3, 'L', 'P'),
	('Incentivizing & formalizing waste and scrap recycling to promote sustainability', 3, 'L', 'P'),
	('Integrating Industry 4.0 technologies across industrial clusters to drive digital transformation', 3, 'L', 'P'),
	('Development of IT ecosystem (3 IT parks (1 by 2025, 3 by 2027), BPOs in 11 & data centers in 2 districts)', 3, 'S', 'P'),
	('Development of IT ecosystem (3 IT parks (1 by 2025, 3 by 2027), BPOs in 11 & data centers in 2 districts)', 3, 'S', 'P'),
	('Providing guaranteed access to affordable land and reliable power & internet, linked to creation of jobs', 3, 'S', 'P'),
	('Providing guaranteed access to affordable land and reliable power & internet, linked to creation of jobs', 3, 'S', 'P'),
	('Targeted IT policy with customized incentives: Tax holidays, streamlined cybercrime regulations', 3, 'S', 'P'),
	('Targeted IT policy with customized incentives: Tax holidays, streamlined cybercrime regulations', 3, 'S', 'P'),
	('Partnerships with anchor companies for infrastructure development & setting up GCCs', 6, 'S', 'P'),
	('Partnerships with anchor companies for infrastructure development & setting up GCCs', 6, 'S', 'P'),
	('Dedicated Rural BPO Policy, capital subsidies and incentives for hiring of women & differently-abled', 3, 'S', 'P'),
	('Dedicated Rural BPO Policy, capital subsidies and incentives for hiring of women & differently-abled', 3, 'S', 'P'),
	('Upskilling the rural workforce in essential digital tools, government schemes, and fluency in Hindi', 3, 'S', 'P'),
	('Upskilling the rural workforce in essential digital tools, government schemes, and fluency in Hindi', 3, 'S', 'P'),
	('Prioritizing completion of public transport, water, electricity, and high-speed internet in Naya Raipur', 12, 'S', 'P'),
	('Prioritizing completion of public transport, water, electricity, and high-speed internet in Naya Raipur', 12, 'S', 'P'),
	('Rolling out a targeted marketing campaign showcasing Naya Raipur’s competitive advantages', 3, 'S', 'P'),
	('Rolling out a targeted marketing campaign showcasing Naya Raipur’s competitive advantages', 3, 'S', 'P'),
	('Creating and supporting private and public incubators/accelerators to foster innovation and upskilling', 6, 'S', 'P'),
	('Creating and supporting private and public incubators/accelerators to foster innovation and upskilling', 6, 'S', 'P'),
	('Invest CG to host national and international roadshows', 3, 'S', 'P'),
	('Invest CG to host national and international roadshows', 3, 'S', 'P'),
	('Development of robust social infrastructure, including housing & good schools to attract & retain talent', 12, 'M', 'P'),
	('Development of robust social infrastructure, including housing & good schools to attract & retain talent', 12, 'M', 'P'),
	('State departments to allocate 5% of their budget towards improving IT infrastructure', 6, 'M', 'P'),
	('State departments to allocate 5% of their budget towards improving IT infrastructure', 6, 'M', 'P'),
	('Establish a dedicated task force to oversee implementation of the 90-day clearance rule in Naya Raipur', 3, 'M', 'P'),
	('Establish a dedicated task force to oversee implementation of the 90-day clearance rule in Naya Raipur', 3, 'M', 'P'),
	('Inviting hyperscale data center operators (Amazon Web Services, Google Cloud) to set up data centers', 6, 'S', 'P'),
	('Inviting hyperscale data center operators (Amazon Web Services, Google Cloud) to set up data centers', 6, 'M', 'P'),
	('Inviting hyperscale data center operators (Amazon Web Services, Google Cloud) to set up data centers', 6, 'S', 'P'),
	('Inviting hyperscale data center operators (Amazon Web Services, Google Cloud) to set up data centers', 6, 'M', 'P'),
	('Implementing advanced disaster recovery solutions, including multi-zone redundancy & data encryption', 6, 'L', 'P'),
	('Implementing advanced disaster recovery solutions, including multi-zone redundancy & data encryption', 6, 'L', 'P'),
	('Expediting construction of 6-lane Nagpur-Raipur-Vizag corridor & Raipur-Dhanbad greenfield road', 3, 'S', 'P'),
	('Expediting construction of 6-lane Nagpur-Raipur-Vizag corridor & Raipur-Dhanbad greenfield road', 3, 'S', 'P'),
	('Expediting construction of 6-lane Nagpur-Raipur-Vizag corridor & Raipur-Dhanbad greenfield road', 4, 'S', 'S'),
	('Expediting construction of 6-lane Nagpur-Raipur-Vizag corridor & Raipur-Dhanbad greenfield road', 4, 'S', 'S'),
	('Expediting construction of 6-lane Nagpur-Raipur-Vizag corridor & Raipur-Dhanbad greenfield road', 20, 'S', 'S'),
	('Expediting construction of 6-lane Nagpur-Raipur-Vizag corridor & Raipur-Dhanbad greenfield road', 20, 'S', 'S'),
	('Enhance connectivity of rail through development of the Katgora-Dongargarh railway line', 3, 'S', 'P'),
	('Enhance connectivity of rail through development of the Katgora-Dongargarh railway line', 20, 'S', 'S'),
	('Develop 4 Multi-modal logistics parks, warehousing & logistics hubs on the Raipur-Durg corridor', 3, 'S', 'P'),
	('Install EV charging stations & incentivize adoption of EVs through purchase & parking subsidies', 3, 'S', 'P'),
	('Develop large-scale vehicle scrapping and recycling facilities, aligning with national scrappage policies', 3, 'S', 'P'),
	('Collaborate with startups to expedite implementation of smart mobility & logistics e-marketplace', 3, 'S', 'P'),
	('Collaborate with startups to expedite implementation of smart mobility & logistics e-marketplace', 6, 'S', 'S'),
	('Logistics policy with enhanced fiscal incentives, tax exemptions, and supportive framework for PPP', 3, 'S', 'P'),
	('Expediting development of Bilaspur-Pathrapali corridor', 3, 'S', 'P'),
	('Expediting development of Bilaspur-Pathrapali corridor', 4, 'S', 'S'),
	('Increasing connectivity to Paradip port through Sambalpur & Cuttack', 3, 'M', 'P'),
	('Increasing connectivity to Paradip port through Sambalpur & Cuttack', 4, 'M', 'S'),
	('Enhancing Raipur airport to handle cargo & upgrading category licenses of other airports', 3, 'M', 'P'),
	('Enhancing Raipur airport to handle cargo & upgrading category licenses of other airports', 5, 'M', 'S'),
	('Establishing low-cost cold storage & warehouse units in Bastar, Surguja, Jashpur & Raigarh', 3, 'M', 'P'),
	('Establishing low-cost cold storage & warehouse units in Bastar, Surguja, Jashpur & Raigarh', 1, 'M', 'S'),
	('Upgrading ITIs to include supply-chain management & automation', 3, 'M', 'P'),
	('Development of railway stations to connect all districts', 3, 'M', 'P'),
	('Development of railway stations to connect all districts', 20, 'M', 'S'),
	('Construction of railway sidings to coal & iron ore pitheads with integrated terminals', 3, 'M', 'P'),
	('Construction of railway sidings to coal & iron ore pitheads with integrated terminals', 20, 'M', 'S'),
	('Developing dedicated East-west & North-South freight corridors to streamline cargo movement', 3, 'L', 'P'),
	('Developing dedicated East-west & North-South freight corridors to streamline cargo movement', 4, 'L', 'S'),
	('Upgrading existing inland container depots in Raipur to handle increased cargo volumes', 3, 'L', 'P'),
	('Upgrading existing inland container depots in Raipur to handle increased cargo volumes', 3, 'L', 'S'),
	('Building data & analytics centers to optimize route planning & improve supply chain visibility', 3, 'L', 'P'),
	('Building data & analytics centers to optimize route planning & improve supply chain visibility', 20, 'L', 'S'),
	('Implementing automated storage & retrieval systems in warehouses to enhance operational efficiency', 3, 'L', 'P'),
	('Implementing automated storage & retrieval systems in warehouses to enhance operational efficiency', 20, 'L', 'S'),
	('Investing in autonomous vehicles and drones for last-mile delivery to improve efficiency & reduce costs', 3, 'L', 'P'),
	('Investing in autonomous vehicles and drones for last-mile delivery to improve efficiency & reduce costs', 20, 'L', 'S'),
	('Creation of dedicated RDA for development & coordination of 4 identified urban agglomerations', 12, 'S', 'P'),
	('Strategic development of the SCR with 10+ mega projects across housing, healthcare, industry etc.', 12, 'S', 'P'),
	('Targeted investments in infra for electricity & full coverage of piped water, 100% tap water by 2030', 22, 'S', 'P'),
	('Scaling smart city initiatives to 5 greenfield cities', 21, 'S', 'P'),
	('Greenfield development of 5,000 smart & model villages (500 villages by 2030)', 14, 'S', 'P'),
	('Creation of STC to manage state-wide public transport & UMTA for regional transport development', 20, 'S', 'P'),
	('Developing a strong PPP construct for collaboration with private sector in social infrastructure projects', 22, 'S', 'P'),
	('Community-level sports facilities for promoting sports', 22, 'S', 'P'),
	('Slum redevelopment & integration into city-planning in Raipur', 21, 'M', 'P'),
	('Construction of designated geo-zones (e.g.: Medicity, Education city)', 21, 'M', 'P'),
	('Master planning of cities & Creating 15-minute cities by implementing zoning regulations', 12, 'M', 'P'),
	('Policy Frameworks: Developing robust policies and regulations to guide infra development', 12, 'M', 'P'),
	('Organizing targeted investment summits to attract national and international investors', 12, 'M', 'P'),
	('Developing a detailed project pipeline with land allocation & regulatory support to facilitate investments', 12, 'L', 'P'),
	('Conducting land audits to identify prime locations for industrial, commercial, and residential projects', 12, 'L', 'P'),
	('Development of 4 greenfield cities via feasibility and Zoning to assess land suitability', 12, 'L', 'P'),
	('Develop commodity-specific clusters (pilots for 15 mission)', 1, 'S', 'P'),
	('Develop commodity-specific clusters (pilots for 15 mission)', 1, 'S', 'S'),
	('Institutionalize a two-pronged State Paddy Mission', 1, 'S', 'P'),
	('Institutionalize a two-pronged State Paddy Mission', 1, 'S', 'S'),
	('Launch Agri & Allied Export Promotion Policy', 1, 'S', 'P'),
	('Launch Agri & Allied Export Promotion Policy', 1, 'S', 'S'),
	('Set-up Agri Export Zones in convergence with APEDA', 1, 'M', 'P'),
	('Set-up Agri Export Zones in convergence with APEDA', 1, 'M', 'S'),
	('Strong regional brand for Chhattisgarh\'s produce', 1, 'M', 'P'),
	('Set-up Village Export Hubs in convergence with APEDA', 1, 'L', 'P'),
	('Set-up Village Export Hubs in convergence with APEDA', 1, 'L', 'S'),
	('Foster dedicated market linkages – domestic and global', 1, 'L', 'P'),
	('Foster dedicated market linkages – domestic and global', 3, 'L', 'S'),
	('Scale irrigation-as-a-service – scheme for PAYG via Pvt.', 1, 'S', 'P'),
	('Scale irrigation-as-a-service – scheme for PAYG via Pvt.', 23, 'S', 'S'),
	('Launch an irrigation revolving fund with NABARD', 1, 'S', 'P'),
	('Launch an irrigation revolving fund with NABARD', 16, 'S', 'S'),
	('Launch an irrigation revolving fund with NABARD', 19, 'S', 'S'),
	('Develop advanced irrigation infrastructure', 1, 'S', 'P'),
	('Develop advanced irrigation infrastructure', 23, 'S', 'S'),
	('Launch FPO Mentorship Program with NABARD', 1, 'S', 'P'),
	('Launch FPO Mentorship Program with NABARD', 16, 'S', 'S'),
	('Implement seamless phygital commerce for FPOs', 1, 'M', 'P'),
	('Implement seamless phygital commerce for FPOs', 6, 'M', 'S'),
	('Incentivize FPOs registered on national portals', 1, 'S', 'P'),
	('Set-up a biotech CoE in Raipur in PPP', 1, 'S', 'P'),
	('Develop CG as hub for quality seeds and planting material', 1, 'M', 'P'),
	('Orchestrate an R&D Ecosystem – incentivize academia', 1, 'M', 'P'),
	('Implement a central land records', 1, 'L', 'P'),
	('Implement a central land records', 6, 'L', 'S'),
	('State wide mission for 30% organic by 2047', 1, 'S', 'P'),
	('Facilitate climate smart practices like INM', 1, 'S', 'P'),
	('Annadaata to Urjadaata: Biofuel Programme', 1, 'S', 'P'),
	('Annadaata to Urjadaata: Biofuel Programme', 1, 'S', 'S'),
	('Launch an Agri Promotion Fund – FOF model', 1, 'S', 'P'),
	('Launch an Agri Promotion Fund – FOF model', 1, 'S', 'S'),
	('Increase access to KCCs by forming JLGs', 1, 'S', 'P'),
	('Ensure price support via organized mandis', 1, 'M', 'P'),
	('Mission for private anchors & foreign investment', 1, 'L', 'P'),
	('Mission for private anchors & foreign investment', 3, 'L', 'S'),
	('Utilize KVKs, RIPA and RSICs as district coordinators', 1, 'S', 'P'),
	('Set-up ADARSH colleges focused on agriculture', 1, 'M', 'P'),
	('Set-up ADARSH colleges focused on agriculture', 11, 'M', 'S'),
	('Partner with start-ups to implement agri-tech solutions', 1, 'M', 'P'),
	('Integrated sensor technologies like drones', 1, 'S', 'P'),
	('Targeted program for agriculturally backward areas', 1, 'M', 'P'),
	('Pilot agro-tourism', 1, 'L', 'P'),
	('Pilot agro-tourism', 19, 'L', 'S'),
	('Dedicated cell for Renewable Energy under Energy dept.', 7, 'S', 'P'),
	('Dedicated cell for Renewable Energy under Energy dept.', 7, 'S', 'P'),
	('Inaugurating floating solar plants on 5 key reservoirs', 7, 'S', 'P'),
	('Inaugurating floating solar plants on 5 key reservoirs', 23, 'S', 'S'),
	('Inaugurating floating solar plants on 5 key reservoirs', 7, 'S', 'P'),
	('Inaugurating floating solar plants on 5 key reservoirs', 23, 'S', 'S'),
	('Solarization of agri. & households under central schemes', 7, 'S', 'P'),
	('Solarization of agri. & households under central schemes', 1, 'S', 'S'),
	('Solarization of agri. & households under central schemes', 7, 'S', 'P'),
	('Solarization of agri. & households under central schemes', 1, 'S', 'S'),
	('Scaling PSPs on major rivers in PPP', 7, 'S', 'P'),
	('Scaling PSPs on major rivers in PPP', 3, 'S', 'S'),
	('Scaling PSPs on major rivers in PPP', 7, 'S', 'P'),
	('Scaling PSPs on major rivers in PPP', 3, 'S', 'S'),
	('Setting a biofuel CoE for a state biofuel program', 1, 'S', 'P'),
	('Setting a biofuel CoE for a state biofuel program', 7, 'S', 'S'),
	('Setting a biofuel CoE for a state biofuel program', 1, 'S', 'P'),
	('Setting a biofuel CoE for a state biofuel program', 7, 'S', 'S'),
	('100% fly ash utilization basis MoEF norms', 7, 'S', 'P'),
	('100% fly ash utilization basis MoEF norms', 12, 'S', 'S'),
	('100% fly ash utilization basis MoEF norms', 7, 'S', 'P'),
	('100% fly ash utilization basis MoEF norms', 12, 'S', 'S'),
	('Decarbonization of thermal plants via CCUS and FGD1', 7, 'M', 'P'),
	('Decarbonization of thermal plants via CCUS and FGD1', 12, 'M', 'S'),
	('Decarbonization of thermal plants via CCUS and FGD1', 7, 'M', 'P'),
	('Decarbonization of thermal plants via CCUS and FGD1', 12, 'M', 'S'),
	('Defining policies for greening of 6 priority sectors', 3, 'S', 'P'),
	('Defining policies for greening of 6 priority sectors', 1, 'S', 'S'),
	('Defining policies for greening of 6 priority sectors', 3, 'S', 'P'),
	('Defining policies for greening of 6 priority sectors', 1, 'S', 'S'),
	('Taskforce under mining dept. for governance of MCPs', 13, 'S', 'P'),
	('Taskforce under mining dept. for governance of MCPs', 13, 'S', 'S'),
	('Taskforce under mining dept. for governance of MCPs', 13, 'S', 'P'),
	('Taskforce under mining dept. for governance of MCPs', 13, 'S', 'S'),
	('Plastic-free Chhattisgarh: ban on single-use plastics', 12, 'M', 'P'),
	('Plastic-free Chhattisgarh: ban on single-use plastics', 21, 'M', 'S'),
	('Plastic-free Chhattisgarh: ban on single-use plastics', 12, 'M', 'P'),
	('Plastic-free Chhattisgarh: ban on single-use plastics', 21, 'M', 'S'),
	('Scaling waste processing infra – 25 STPs, 2 CETPs', 12, 'S', 'P'),
	('Scaling waste processing infra – 25 STPs, 2 CETPs', 21, 'S', 'S'),
	('Scaling waste processing infra – 25 STPs, 2 CETPs', 12, 'S', 'P'),
	('Scaling waste processing infra – 25 STPs, 2 CETPs', 21, 'S', 'S'),
	('Setting up a waste-to-energy plant in Raipur', 12, 'M', 'P'),
	('Setting up a waste-to-energy plant in Raipur', 7, 'M', 'S'),
	('Setting up a waste-to-energy plant in Raipur', 12, 'M', 'P'),
	('Setting up a waste-to-energy plant in Raipur', 7, 'M', 'S'),
	('Launching a digital marketplace for e2e waste cycle', 12, 'S', 'P'),
	('Launching a digital marketplace for e2e waste cycle', 12, 'L', 'P'),
	('Launching a digital marketplace for e2e waste cycle', 6, 'S', 'S'),
	('Launching a digital marketplace for e2e waste cycle', 6, 'L', 'S'),
	('Launching a digital marketplace for e2e waste cycle', 12, 'S', 'P'),
	('Launching a digital marketplace for e2e waste cycle', 12, 'L', 'P'),
	('Launching a digital marketplace for e2e waste cycle', 6, 'S', 'S'),
	('Launching a digital marketplace for e2e waste cycle', 6, 'L', 'S'),
	('Eco-restoration of open forests and damaged land', 8, 'S', 'P'),
	('Eco-restoration of open forests and damaged land', 8, 'S', 'P'),
	('Increasing ToF area via urban green spaces & agroforestry', 8, 'S', 'P'),
	('Increasing ToF area via urban green spaces & agroforestry', 8, 'S', 'P'),
	('Conserving wetlands under Ramsar convention', 8, 'S', 'P'),
	('Conserving wetlands under Ramsar convention', 23, 'S', 'S'),
	('Conserving wetlands under Ramsar convention', 8, 'S', 'P'),
	('Conserving wetlands under Ramsar convention', 23, 'S', 'S'),
	('Launching state water policy, basins plan, SWIC & tariff system', 23, 'S', 'P'),
	('Launching state water policy, basins plan, SWIC & tariff system', 6, 'S', 'S'),
	('Launching state water policy, basins plan, SWIC & tariff system', 23, 'S', 'P'),
	('Launching state water policy, basins plan, SWIC & tariff system', 6, 'S', 'S'),
	('Setting micro-irrigation projects and piped infrastructure', 23, 'S', 'P'),
	('Setting micro-irrigation projects and piped infrastructure', 1, 'S', 'S'),
	('Setting micro-irrigation projects and piped infrastructure', 23, 'S', 'P'),
	('Setting micro-irrigation projects and piped infrastructure', 1, 'S', 'S'),
	('Large scale recharge of groundwater via anicuts & aquifers', 23, 'S', 'P'),
	('Large scale recharge of groundwater via anicuts & aquifers', 23, 'S', 'P'),
	('Establishing Water Users Association; & WALMI for capacity build', 23, 'S', 'P'),
	('Establishing Water Users Association; & WALMI for capacity build', 23, 'S', 'S'),
	('Establishing Water Users Association; & WALMI for capacity build', 23, 'S', 'P'),
	('Establishing Water Users Association; & WALMI for capacity build', 23, 'S', 'S'),
	('Institutionalization of informal waste collectors', 12, 'S', 'P'),
	('Institutionalization of informal waste collectors', 12, 'L', 'P'),
	('Institutionalization of informal waste collectors', 12, 'S', 'P'),
	('Institutionalization of informal waste collectors', 12, 'L', 'P'),
	('Institutionalization of informal waste collectors', 12, 'S', 'S'),
	('Institutionalization of informal waste collectors', 12, 'L', 'S'),
	('Re-orient Chhattisgarh Herbals brand-positioning', 8, 'S', 'P'),
	('Create a dedicated Exports Task Force under MFP Dept.', 8, 'S', 'P'),
	('Create a dedicated Exports Task Force under MFP Dept.', 3, 'S', 'S'),
	('Get GI tags and global certification for key products', 8, 'S', 'P'),
	('Global tie-ups for forest-branded natural products', 8, 'S', 'P'),
	('Launch Annual Chhattisgarh AYUSH Expo', 10, 'S', 'P'),
	('Launch Annual Chhattisgarh AYUSH Expo', 3, 'S', 'S'),
	('Create an AYUSH pharmacopoeia', 10, 'S', 'P'),
	('Set-up an Ayurveda complex – mfg., healthcare, training + teaching', 10, 'S', 'P'),
	('Set-up an Ayurveda complex – mfg., healthcare, training + teaching', 11, 'S', 'S'),
	('Set-up an Ayurveda complex – mfg., healthcare, training + teaching', 17, 'S', 'S'),
	('Set-up an Ayurveda complex – mfg., healthcare, training + teaching', 18, 'S', 'S'),
	('Partner with private sector to develop training courses', 10, 'S', 'P'),
	('Partner with private sector to develop training courses', 8, 'S', 'S'),
	('Partner with private sector to develop training courses', 18, 'S', 'S'),
	('Partner with private sector to develop training courses', 19, 'S', 'S'),
	('Run last-mile comprehensive skilling programs via VDVKs', 8, 'S', 'P'),
	('Run last-mile comprehensive skilling programs via VDVKs', 18, 'S', 'S'),
	('Infra. development for a decentralized value-chain', 8, 'S', 'P'),
	('Infra. development for a decentralized value-chain', 3, 'S', 'S'),
	('Ensure AYUSH-accredited facilities at all AMs and DHs', 10, 'S', 'P'),
	('Create PPP guidelines for resorts, mfg. units, etc.', 3, 'S', 'P'),
	('Create PPP guidelines for resorts, mfg. units, etc.', 10, 'S', 'S'),
	('Create PPP guidelines for resorts, mfg. units, etc.', 19, 'S', 'S'),
	('Augment existing network of AYUSH facilities', 10, 'S', 'P'),
	('Promote sustainable management of forests', 8, 'S', 'P'),
	('Promote sustainable management of forests', 8, 'S', 'S'),
	('Institutionalize a Steering Committee for vision implementation', 8, 'S', 'P'),
	('Curate a large-scale Wellness Tourism campaign', 19, 'M', 'P'),
	('Curate a large-scale Wellness Tourism campaign', 10, 'M', 'S'),
	('Establish excellence centers in VDVKs', 8, 'M', 'P'),
	('Establish excellence centers in VDVKs', 19, 'M', 'S'),
	('Setup a dedicated e-Marketplace for Van Dhan', 8, 'M', 'P'),
	('Setup a dedicated e-Marketplace for Van Dhan', 8, 'M', 'P'),
	('Setup a dedicated e-Marketplace for Van Dhan', 6, 'M', 'S'),
	('Setup a dedicated e-Marketplace for Van Dhan', 6, 'M', 'S'),
	('Strengthen Van Dhan Vikas Kendras with PPP linkages', 8, 'M', 'P'),
	('Strengthen Van Dhan Vikas Kendras with PPP linkages', 8, 'M', 'P'),
	('Strengthen Van Dhan Vikas Kendras with PPP linkages', 19, 'M', 'S'),
	('Strengthen Van Dhan Vikas Kendras with PPP linkages', 19, 'M', 'S'),
	('Setup 1 CoEs on AYUSH R&D and clinical standards', 10, 'M', 'P'),
	('Empower tribal co-ops for direct marketing', 8, 'M', 'P'),
	('Implement e-extension service in VDVKs in PPP-mode', 8, 'M', 'P'),
	('Implement e-extension service in VDVKs in PPP-mode', 19, 'M', 'S'),
	('Develop a branded-line of CG Herbals high-value products', 8, 'L', 'P'),
	('Phased operationalization of DMOs', 19, 'S', 'P'),
	('Phased operationalization of DMOs', 19, 'S', 'S'),
	('Revamp of Chhattisgarh Tourism Policy', 19, 'S', 'P'),
	('Revamp of Chhattisgarh Tourism Policy', 5, 'S', 'S'),
	('Improvement in air connectivity', 19, 'S', 'P'),
	('Last-mile-road-connectivity in phase-1 clusters', 19, 'S', 'P'),
	('Last-mile-road-connectivity in phase-1 clusters', 19, 'S', 'S'),
	('Launch tourist shuttles', 19, 'M', 'P'),
	('Launch tourist shuttles', 19, 'M', 'S'),
	('Develop mobility experiences', 19, 'L', 'P'),
	('Develop mobility experiences', 19, 'L', 'S'),
	('Launch state-level investment incentive scheme', 19, 'S', 'P'),
	('Launch state-level investment incentive scheme', 19, 'S', 'S'),
	('Set-up window for investor hand-holding services at DMOs', 19, 'S', 'P'),
	('Set-up window for investor hand-holding services at DMOs', 19, 'S', 'S'),
	('Define a bed tax policy for luxury accommodations', 19, 'S', 'P'),
	('Establish credit facility for small-scale entrepreneurs', 19, 'M', 'P'),
	('Establish credit facility for small-scale entrepreneurs', 3, 'M', 'S'),
	('Infra. for authenticity tags for locally run businesses', 19, 'M', 'P'),
	('Infra. for authenticity tags for locally run businesses', 19, 'M', 'S'),
	('Set-up dedicated ADARSH colleges for tourism', 19, 'S', 'P'),
	('Set-up dedicated ADARSH colleges for tourism', 11, 'S', 'S'),
	('Set-up dedicated ADARSH colleges for tourism', 17, 'S', 'S'),
	('Set-up dedicated ADARSH colleges for tourism', 18, 'S', 'S'),
	('Design curriculum; and run training programs', 19, 'S', 'P'),
	('Design curriculum; and run training programs', 19, 'S', 'S'),
	('Develop branding & marketing strategy', 19, 'S', 'P'),
	('Develop branding & marketing strategy', 19, 'S', 'S'),
	('Launch an integrated tourism portal', 19, 'S', 'P'),
	('Launch an integrated tourism portal', 6, 'S', 'S'),
	('Set-up data collection systems', 19, 'S', 'P'),
	('Set-up data collection systems', 6, 'S', 'S'),
	('Add an analytics layer on top of data management software', 19, 'S', 'P'),
	('Add an analytics layer on top of data management software', 6, 'S', 'S'),
	('Documentation & conservation campaign', 2, 'S', 'P'),
	('Learner & master support scheme', 2, 'S', 'P'),
	('Collaboration with designers & private brands', 15, 'S', 'P'),
	('Incentives for portrayal of culture in Film Tourism Policy', 19, 'S', 'P'),
	('Development of heritage sites & adoption scheme', 2, 'S', 'P'),
	('Digital library and archiving system', 2, 'S', 'P'),
	('Digital marketplace and D2C website upgradation', 2, 'M', 'P'),
	('Integration of art & culture in school curriculum', 17, 'M', 'P'),
	('Integration of art & culture in school curriculum', 2, 'M', 'S'),
	('Mega cultural festival in Chhattisgarh', 2, 'M', 'P'),
	('Mega cultural festival in Chhattisgarh', 19, 'M', 'S'),
	('DIY product kits for Chhattisgarhi handicrafts', 2, 'M', 'P'),
	('Develop and position IKSV as the premier Music & Arts college of India; Art & Culture colleges development across divisions (Adarsh Colleges)', 11, 'M', 'P'),
	('Develop State Tribal Museum', 2, 'M', 'P'),
	('Establishing Divisional Cultural Center', 2, 'S', 'P'),
	('Develop Virtual Museum Tours', 2, 'S', 'P'),
	('Expansion of Gadh Kalewas in Metro cities', 2, 'S', 'P');

-- Dumping structure for table cg_anjor_vision.themes_master
CREATE TABLE IF NOT EXISTS `themes_master` (
  `theme_id` int(11) NOT NULL AUTO_INCREMENT,
  `theme_name` varchar(255) NOT NULL,
  `short_term_initiatives` int(11) DEFAULT 0,
  `mid_term_initiatives` int(11) DEFAULT 0,
  `long_term_initiatives` int(11) DEFAULT 0,
  `total_initiatives` int(11) GENERATED ALWAYS AS (`short_term_initiatives` + `mid_term_initiatives` + `long_term_initiatives`) STORED,
  `created_at` timestamp NULL DEFAULT current_timestamp(),
  PRIMARY KEY (`theme_id`)
) ENGINE=InnoDB AUTO_INCREMENT=14 DEFAULT CHARSET=utf8mb4 COLLATE=utf8mb4_general_ci;

-- Dumping data for table cg_anjor_vision.themes_master: ~13 rows (approximately)
INSERT INTO `themes_master` (`theme_id`, `theme_name`, `short_term_initiatives`, `mid_term_initiatives`, `long_term_initiatives`, `created_at`) VALUES
	(1, 'Powerhouse of Agricultural Produce & Processed Superfoods', 16, 9, 5, '2025-11-13 07:02:31'),
	(2, 'Hub for MFP & Herbals', 15, 7, 1, '2025-11-13 07:02:31'),
	(3, 'Titan in Industry', 8, 11, 5, '2025-11-13 07:02:31'),
	(4, 'Tourism - Celebrating Chhattisgarh’s Natural & Cultural Tapestry', 13, 3, 1, '2025-11-13 07:02:31'),
	(5, 'Leader in Inland Logistics', 8, 6, 5, '2025-11-13 07:02:31'),
	(6, 'Expansion into AI & IT services', 11, 4, 1, '2025-11-13 07:02:31'),
	(7, 'Land of Innovation, Skilled Human Capital & Quality Education', 13, 6, 1, '2025-11-13 07:02:31'),
	(8, 'A Healthy & Prospering Society', 18, 8, 4, '2025-11-13 07:02:31'),
	(9, 'Leader in Sustainable and Renewables led Development', 18, 3, 2, '2025-11-13 07:02:31'),
	(10, 'Art and Culture Capital of India', 6, 6, 3, '2025-11-13 07:02:31'),
	(11, 'Infrastructure for Thriving Communities with Enriched Lives', 8, 5, 3, '2025-11-13 07:02:31'),
	(12, 'Governance for Lasting Value Creation in Citizens’s', 13, 4, 0, '2025-11-13 07:02:31'),
	(13, 'Premier Investment Destination', 2, 3, 2, '2025-11-13 07:02:31');

/*!40103 SET TIME_ZONE=IFNULL(@OLD_TIME_ZONE, 'system') */;
/*!40101 SET SQL_MODE=IFNULL(@OLD_SQL_MODE, '') */;
/*!40014 SET FOREIGN_KEY_CHECKS=IFNULL(@OLD_FOREIGN_KEY_CHECKS, 1) */;
/*!40101 SET CHARACTER_SET_CLIENT=@OLD_CHARACTER_SET_CLIENT */;
/*!40111 SET SQL_NOTES=IFNULL(@OLD_SQL_NOTES, 1) */;
